# Blender 5.1.1
# www.blender.org
mtllib hole_2.mtl
o Stake
v -0.025000 0.000000 0.025000
v -0.025000 1.100000 0.025000
v -0.025000 0.000000 -0.025000
v -0.025000 1.100000 -0.025000
v 0.025000 0.000000 0.025000
v 0.025000 1.100000 0.025000
v 0.025000 0.000000 -0.025000
v 0.025000 1.100000 -0.025000
vn -1.0000 -0.0000 -0.0000
vn -0.0000 -0.0000 -1.0000
vn 1.0000 -0.0000 -0.0000
vn -0.0000 -0.0000 1.0000
vn -0.0000 -1.0000 -0.0000
vn -0.0000 1.0000 -0.0000
vt 0.375000 0.000000
vt 0.625000 0.000000
vt 0.625000 0.250000
vt 0.375000 0.250000
vt 0.625000 0.500000
vt 0.375000 0.500000
vt 0.625000 0.750000
vt 0.375000 0.750000
vt 0.625000 1.000000
vt 0.375000 1.000000
vt 0.125000 0.500000
vt 0.125000 0.750000
vt 0.875000 0.500000
vt 0.875000 0.750000
s 0
usemtl Mat_Red
f 1/1/1 2/2/1 4/3/1 3/4/1
f 3/4/2 4/3/2 8/5/2 7/6/2
f 7/6/3 8/5/3 6/7/3 5/8/3
f 5/8/4 6/7/4 2/9/4 1/10/4
f 3/11/5 7/6/5 5/8/5 1/12/5
f 8/5/6 4/13/6 2/14/6 6/7/6
o Board
v -0.140000 0.980000 0.041000
v -0.140000 1.180000 0.041000
v -0.140000 0.980000 0.029000
v -0.140000 1.180000 0.029000
v 0.140000 0.980000 0.041000
v 0.140000 1.180000 0.041000
v 0.140000 0.980000 0.029000
v 0.140000 1.180000 0.029000
vn -1.0000 -0.0000 -0.0000
vn -0.0000 -0.0000 -1.0000
vn 1.0000 -0.0000 -0.0000
vn -0.0000 -0.0000 1.0000
vn -0.0000 -1.0000 -0.0000
vn -0.0000 1.0000 -0.0000
vt 0.375000 0.000000
vt 0.625000 0.000000
vt 0.625000 0.250000
vt 0.375000 0.250000
vt 0.625000 0.500000
vt 0.375000 0.500000
vt 0.625000 0.750000
vt 0.375000 0.750000
vt 0.625000 1.000000
vt 0.375000 1.000000
vt 0.125000 0.500000
vt 0.125000 0.750000
vt 0.875000 0.500000
vt 0.875000 0.750000
s 0
usemtl Mat_Board
f 9/15/7 10/16/7 12/17/7 11/18/7
f 11/18/8 12/17/8 16/19/8 15/20/8
f 15/20/9 16/19/9 14/21/9 13/22/9
f 13/22/10 14/21/10 10/23/10 9/24/10
f 11/25/11 15/20/11 13/22/11 9/26/11
f 16/19/12 12/27/12 10/28/12 14/21/12
o Number_1
v -0.025920 1.044000 0.055000
v -0.025920 1.044840 0.055000
v -0.023603 1.047649 0.055000
v -0.021172 1.050598 0.055000
v -0.018658 1.053664 0.055000
v -0.016093 1.056822 0.055000
v -0.013509 1.060049 0.055000
v -0.010935 1.063320 0.055000
v -0.008404 1.066611 0.055000
v -0.005947 1.069898 0.055000
v -0.003594 1.073156 0.055000
v -0.001378 1.076362 0.055000
v 0.000670 1.079492 0.055000
v 0.002520 1.082520 0.055000
v 0.003440 1.084121 0.055000
v 0.004280 1.085634 0.055000
v 0.005040 1.087080 0.055000
v 0.005720 1.088476 0.055000
v 0.006320 1.089839 0.055000
v 0.006840 1.091190 0.055000
v 0.007280 1.092546 0.055000
v 0.007640 1.093925 0.055000
v 0.007920 1.095345 0.055000
v 0.008120 1.096826 0.055000
v 0.008240 1.098384 0.055000
v 0.008280 1.100040 0.055000
v 0.008157 1.102233 0.055000
v 0.007798 1.104303 0.055000
v 0.007217 1.106237 0.055000
v 0.006427 1.108022 0.055000
v 0.005441 1.109646 0.055000
v 0.004275 1.111095 0.055000
v 0.002941 1.112357 0.055000
v 0.001453 1.113418 0.055000
v -0.000174 1.114266 0.055000
v -0.001928 1.114887 0.055000
v -0.003795 1.115270 0.055000
v -0.005760 1.115400 0.055000
v -0.007233 1.115343 0.055000
v -0.008712 1.115166 0.055000
v -0.010200 1.114856 0.055000
v -0.011698 1.114404 0.055000
v -0.013207 1.113799 0.055000
v -0.014730 1.113030 0.055000
v -0.016268 1.112086 0.055000
v -0.017822 1.110956 0.055000
v -0.019395 1.109629 0.055000
v -0.020988 1.108094 0.055000
v -0.022602 1.106342 0.055000
v -0.024240 1.104360 0.055000
v -0.024240 1.119120 0.055000
v -0.022599 1.120383 0.055000
v -0.020976 1.121531 0.055000
v -0.019365 1.122566 0.055000
v -0.017764 1.123489 0.055000
v -0.016171 1.124300 0.055000
v -0.014580 1.125000 0.055000
v -0.012989 1.125590 0.055000
v -0.011396 1.126071 0.055000
v -0.009795 1.126444 0.055000
v -0.008184 1.126709 0.055000
v -0.006561 1.126867 0.055000
v -0.004920 1.126920 0.055000
v -0.001328 1.126706 0.055000
v 0.002054 1.126077 0.055000
v 0.005207 1.125053 0.055000
v 0.008111 1.123653 0.055000
v 0.010747 1.121899 0.055000
v 0.013095 1.119810 0.055000
v 0.015135 1.117406 0.055000
v 0.016849 1.114707 0.055000
v 0.018216 1.111733 0.055000
v 0.019216 1.108503 0.055000
v 0.019831 1.105039 0.055000
v 0.020040 1.101360 0.055000
v 0.019888 1.098068 0.055000
v 0.019422 1.094821 0.055000
v 0.018630 1.091576 0.055000
v 0.017498 1.088289 0.055000
v 0.016012 1.084915 0.055000
v 0.014160 1.081410 0.055000
v 0.011928 1.077730 0.055000
v 0.009302 1.073831 0.055000
v 0.006270 1.069669 0.055000
v 0.002818 1.065199 0.055000
v -0.001068 1.060377 0.055000
v -0.005400 1.055160 0.055000
v 0.025920 1.055160 0.055000
v 0.025920 1.044000 0.055000
v -0.025920 1.044000 0.041000
v -0.025920 1.044840 0.041000
v -0.023603 1.047649 0.041000
v -0.021172 1.050598 0.041000
v -0.018658 1.053664 0.041000
v -0.016093 1.056822 0.041000
v -0.013509 1.060049 0.041000
v -0.010935 1.063320 0.041000
v -0.008404 1.066611 0.041000
v -0.005947 1.069898 0.041000
v -0.003594 1.073156 0.041000
v -0.001378 1.076362 0.041000
v 0.000670 1.079492 0.041000
v 0.002520 1.082520 0.041000
v 0.003440 1.084121 0.041000
v 0.004280 1.085634 0.041000
v 0.005040 1.087080 0.041000
v 0.005720 1.088476 0.041000
v 0.006320 1.089839 0.041000
v 0.006840 1.091190 0.041000
v 0.007280 1.092546 0.041000
v 0.007640 1.093925 0.041000
v 0.007920 1.095345 0.041000
v 0.008120 1.096826 0.041000
v 0.008240 1.098384 0.041000
v 0.008280 1.100040 0.041000
v 0.008157 1.102233 0.041000
v 0.007798 1.104303 0.041000
v 0.007217 1.106237 0.041000
v 0.006427 1.108022 0.041000
v 0.005441 1.109646 0.041000
v 0.004275 1.111095 0.041000
v 0.002941 1.112357 0.041000
v 0.001453 1.113418 0.041000
v -0.000174 1.114266 0.041000
v -0.001928 1.114887 0.041000
v -0.003795 1.115270 0.041000
v -0.005760 1.115400 0.041000
v -0.007233 1.115343 0.041000
v -0.008712 1.115166 0.041000
v -0.010200 1.114856 0.041000
v -0.011698 1.114404 0.041000
v -0.013207 1.113799 0.041000
v -0.014730 1.113030 0.041000
v -0.016268 1.112086 0.041000
v -0.017822 1.110956 0.041000
v -0.019395 1.109629 0.041000
v -0.020988 1.108094 0.041000
v -0.022602 1.106342 0.041000
v -0.024240 1.104360 0.041000
v -0.024240 1.119120 0.041000
v -0.022599 1.120383 0.041000
v -0.020976 1.121531 0.041000
v -0.019365 1.122566 0.041000
v -0.017764 1.123489 0.041000
v -0.016171 1.124300 0.041000
v -0.014580 1.125000 0.041000
v -0.012989 1.125590 0.041000
v -0.011396 1.126071 0.041000
v -0.009795 1.126444 0.041000
v -0.008184 1.126709 0.041000
v -0.006561 1.126867 0.041000
v -0.004920 1.126920 0.041000
v -0.001328 1.126706 0.041000
v 0.002054 1.126077 0.041000
v 0.005207 1.125053 0.041000
v 0.008111 1.123653 0.041000
v 0.010747 1.121899 0.041000
v 0.013095 1.119810 0.041000
v 0.015135 1.117406 0.041000
v 0.016849 1.114707 0.041000
v 0.018216 1.111733 0.041000
v 0.019216 1.108503 0.041000
v 0.019831 1.105039 0.041000
v 0.020040 1.101360 0.041000
v 0.019888 1.098068 0.041000
v 0.019422 1.094821 0.041000
v 0.018630 1.091576 0.041000
v 0.017498 1.088289 0.041000
v 0.016012 1.084915 0.041000
v 0.014160 1.081410 0.041000
v 0.011928 1.077730 0.041000
v 0.009302 1.073831 0.041000
v 0.006270 1.069669 0.041000
v 0.002818 1.065199 0.041000
v -0.001068 1.060377 0.041000
v -0.005400 1.055160 0.041000
v 0.025920 1.055160 0.041000
v 0.025920 1.044000 0.041000
v -0.025920 1.044000 0.041000
v -0.026229 1.043691 0.041049
v -0.026508 1.043412 0.041191
v -0.026729 1.043191 0.041412
v -0.026871 1.043049 0.041691
v -0.026920 1.043000 0.042000
v -0.026920 1.043000 0.054000
v -0.026871 1.043049 0.054309
v -0.026729 1.043191 0.054588
v -0.026508 1.043412 0.054809
v -0.026229 1.043691 0.054951
v -0.025920 1.044000 0.055000
v -0.025920 1.044840 0.041000
v -0.026229 1.044951 0.041049
v -0.026508 1.045051 0.041191
v -0.026729 1.045131 0.041412
v -0.026871 1.045182 0.041691
v -0.026920 1.045199 0.042000
v -0.026920 1.045199 0.054000
v -0.026871 1.045182 0.054309
v -0.026729 1.045131 0.054588
v -0.026508 1.045051 0.054809
v -0.026229 1.044951 0.054951
v -0.025920 1.044840 0.055000
v -0.023603 1.047649 0.041000
v -0.023841 1.047845 0.041049
v -0.024056 1.048023 0.041191
v -0.024227 1.048163 0.041412
v -0.024336 1.048254 0.041691
v -0.024374 1.048285 0.042000
v -0.024374 1.048285 0.054000
v -0.024336 1.048254 0.054309
v -0.024227 1.048163 0.054588
v -0.024056 1.048023 0.054809
v -0.023841 1.047845 0.054951
v -0.023603 1.047649 0.055000
v -0.021172 1.050598 0.041000
v -0.021410 1.050794 0.041049
v -0.021626 1.050971 0.041191
v -0.021797 1.051112 0.041412
v -0.021906 1.051202 0.041691
v -0.021944 1.051233 0.042000
v -0.021944 1.051233 0.054000
v -0.021906 1.051202 0.054309
v -0.021797 1.051112 0.054588
v -0.021626 1.050971 0.054809
v -0.021410 1.050794 0.054951
v -0.021172 1.050598 0.055000
v -0.018658 1.053664 0.041000
v -0.018898 1.053859 0.041049
v -0.019114 1.054035 0.041191
v -0.019285 1.054175 0.041412
v -0.019395 1.054265 0.041691
v -0.019433 1.054296 0.042000
v -0.019433 1.054296 0.054000
v -0.019395 1.054265 0.054309
v -0.019285 1.054175 0.054588
v -0.019114 1.054035 0.054809
v -0.018898 1.053859 0.054951
v -0.018658 1.053664 0.055000
v -0.016093 1.056822 0.041000
v -0.016334 1.057016 0.041049
v -0.016551 1.057191 0.041191
v -0.016723 1.057330 0.041412
v -0.016834 1.057419 0.041691
v -0.016872 1.057450 0.042000
v -0.016872 1.057450 0.054000
v -0.016834 1.057419 0.054309
v -0.016723 1.057330 0.054588
v -0.016551 1.057191 0.054809
v -0.016334 1.057016 0.054951
v -0.016093 1.056822 0.055000
v -0.013509 1.060049 0.041000
v -0.013751 1.060241 0.041049
v -0.013969 1.060415 0.041191
v -0.014142 1.060552 0.041412
v -0.014253 1.060640 0.041691
v -0.014292 1.060671 0.042000
v -0.014292 1.060671 0.054000
v -0.014253 1.060640 0.054309
v -0.014142 1.060552 0.054588
v -0.013969 1.060415 0.054809
v -0.013751 1.060241 0.054951
v -0.013509 1.060049 0.055000
v -0.010935 1.063320 0.041000
v -0.011179 1.063510 0.041049
v -0.011399 1.063681 0.041191
v -0.011574 1.063817 0.041412
v -0.011686 1.063904 0.041691
v -0.011724 1.063934 0.042000
v -0.011724 1.063934 0.054000
v -0.011686 1.063904 0.054309
v -0.011574 1.063817 0.054588
v -0.011399 1.063681 0.054809
v -0.011179 1.063510 0.054951
v -0.010935 1.063320 0.055000
v -0.008404 1.066611 0.041000
v -0.008650 1.066798 0.041049
v -0.008872 1.066966 0.041191
v -0.009049 1.067100 0.041412
v -0.009162 1.067186 0.041691
v -0.009201 1.067215 0.042000
v -0.009201 1.067215 0.054000
v -0.009162 1.067186 0.054309
v -0.009049 1.067100 0.054588
v -0.008872 1.066966 0.054809
v -0.008650 1.066798 0.054951
v -0.008404 1.066611 0.055000
v -0.005947 1.069898 0.041000
v -0.006196 1.070081 0.041049
v -0.006420 1.070246 0.041191
v -0.006599 1.070377 0.041412
v -0.006713 1.070461 0.041691
v -0.006753 1.070490 0.042000
v -0.006753 1.070490 0.054000
v -0.006713 1.070461 0.054309
v -0.006599 1.070377 0.054588
v -0.006420 1.070246 0.054809
v -0.006196 1.070081 0.054951
v -0.005947 1.069898 0.055000
v -0.003594 1.073156 0.041000
v -0.003847 1.073335 0.041049
v -0.004074 1.073496 0.041191
v -0.004255 1.073623 0.041412
v -0.004371 1.073705 0.041691
v -0.004411 1.073733 0.042000
v -0.004411 1.073733 0.054000
v -0.004371 1.073705 0.054309
v -0.004255 1.073623 0.054588
v -0.004074 1.073496 0.054809
v -0.003847 1.073335 0.054951
v -0.003594 1.073156 0.055000
v -0.001378 1.076362 0.041000
v -0.001635 1.076535 0.041049
v -0.001866 1.076690 0.041191
v -0.002050 1.076814 0.041412
v -0.002167 1.076893 0.041691
v -0.002208 1.076921 0.042000
v -0.002208 1.076921 0.054000
v -0.002167 1.076893 0.054309
v -0.002050 1.076814 0.054588
v -0.001866 1.076690 0.054809
v -0.001635 1.076535 0.054951
v -0.001378 1.076362 0.055000
v 0.000670 1.079492 0.041000
v 0.000409 1.079657 0.041049
v 0.000173 1.079806 0.041191
v -0.000014 1.079924 0.041412
v -0.000134 1.080000 0.041691
v -0.000175 1.080026 0.042000
v -0.000175 1.080026 0.054000
v -0.000134 1.080000 0.054309
v -0.000014 1.079924 0.054588
v 0.000173 1.079806 0.054809
v 0.000409 1.079657 0.054951
v 0.000670 1.079492 0.055000
v 0.002520 1.082520 0.041000
v 0.002254 1.082678 0.041049
v 0.002014 1.082820 0.041191
v 0.001824 1.082933 0.041412
v 0.001702 1.083005 0.041691
v 0.001660 1.083030 0.042000
v 0.001660 1.083030 0.054000
v 0.001702 1.083005 0.054309
v 0.001824 1.082933 0.054588
v 0.002014 1.082820 0.054809
v 0.002254 1.082678 0.054951
v 0.002520 1.082520 0.055000
v 0.003440 1.084121 0.041000
v 0.003171 1.084273 0.041049
v 0.002928 1.084410 0.041191
v 0.002736 1.084518 0.041412
v 0.002612 1.084588 0.041691
v 0.002569 1.084612 0.042000
v 0.002569 1.084612 0.054000
v 0.002612 1.084588 0.054309
v 0.002736 1.084518 0.054588
v 0.002928 1.084410 0.054809
v 0.003171 1.084273 0.054951
v 0.003440 1.084121 0.055000
v 0.004280 1.085634 0.041000
v 0.004008 1.085781 0.041049
v 0.003763 1.085914 0.041191
v 0.003568 1.086019 0.041412
v 0.003443 1.086087 0.041691
v 0.003400 1.086110 0.042000
v 0.003400 1.086110 0.054000
v 0.003443 1.086087 0.054309
v 0.003568 1.086019 0.054588
v 0.003763 1.085914 0.054809
v 0.004008 1.085781 0.054951
v 0.004280 1.085634 0.055000
v 0.005040 1.087080 0.041000
v 0.004764 1.087220 0.041049
v 0.004516 1.087346 0.041191
v 0.004318 1.087445 0.041412
v 0.004191 1.087510 0.041691
v 0.004148 1.087532 0.042000
v 0.004148 1.087532 0.054000
v 0.004191 1.087510 0.054309
v 0.004318 1.087445 0.054588
v 0.004516 1.087346 0.054809
v 0.004764 1.087220 0.054951
v 0.005040 1.087080 0.055000
v 0.005720 1.088476 0.041000
v 0.005440 1.088606 0.041049
v 0.005187 1.088723 0.041191
v 0.004986 1.088816 0.041412
v 0.004857 1.088876 0.041691
v 0.004813 1.088896 0.042000
v 0.004813 1.088896 0.054000
v 0.004857 1.088876 0.054309
v 0.004986 1.088816 0.054588
v 0.005187 1.088723 0.054809
v 0.005440 1.088606 0.054951
v 0.005720 1.088476 0.055000
v 0.006320 1.089839 0.041000
v 0.006034 1.089957 0.041049
v 0.005776 1.090064 0.041191
v 0.005572 1.090148 0.041412
v 0.005440 1.090202 0.041691
v 0.005395 1.090221 0.042000
v 0.005395 1.090221 0.054000
v 0.005440 1.090202 0.054309
v 0.005572 1.090148 0.054588
v 0.005776 1.090064 0.054809
v 0.006034 1.089957 0.054951
v 0.006320 1.089839 0.055000
v 0.006840 1.091190 0.041000
v 0.006549 1.091293 0.041049
v 0.006286 1.091387 0.041191
v 0.006077 1.091460 0.041412
v 0.005943 1.091508 0.041691
v 0.005897 1.091524 0.042000
v 0.005897 1.091524 0.054000
v 0.005943 1.091508 0.054309
v 0.006077 1.091460 0.054588
v 0.006286 1.091387 0.054809
v 0.006549 1.091293 0.054951
v 0.006840 1.091190 0.055000
v 0.007280 1.092546 0.041000
v 0.006983 1.092632 0.041049
v 0.006716 1.092711 0.041191
v 0.006503 1.092773 0.041412
v 0.006367 1.092813 0.041691
v 0.006320 1.092826 0.042000
v 0.006320 1.092826 0.054000
v 0.006367 1.092813 0.054309
v 0.006503 1.092773 0.054588
v 0.006716 1.092711 0.054809
v 0.006983 1.092632 0.054951
v 0.007280 1.092546 0.055000
v 0.007640 1.093925 0.041000
v 0.007339 1.093993 0.041049
v 0.007067 1.094056 0.041191
v 0.006851 1.094105 0.041412
v 0.006712 1.094137 0.041691
v 0.006665 1.094148 0.042000
v 0.006665 1.094148 0.054000
v 0.006712 1.094137 0.054309
v 0.006851 1.094105 0.054588
v 0.007067 1.094056 0.054809
v 0.007339 1.093993 0.054951
v 0.007640 1.093925 0.055000
v 0.007920 1.095345 0.041000
v 0.007615 1.095396 0.041049
v 0.007340 1.095441 0.041191
v 0.007122 1.095478 0.041412
v 0.006981 1.095501 0.041691
v 0.006933 1.095509 0.042000
v 0.006933 1.095509 0.054000
v 0.006981 1.095501 0.054309
v 0.007122 1.095478 0.054588
v 0.007340 1.095441 0.054809
v 0.007615 1.095396 0.054951
v 0.007920 1.095345 0.055000
v 0.008120 1.096826 0.041000
v 0.007813 1.096858 0.041049
v 0.007535 1.096888 0.041191
v 0.007315 1.096911 0.041412
v 0.007174 1.096926 0.041691
v 0.007125 1.096931 0.042000
v 0.007125 1.096931 0.054000
v 0.007174 1.096926 0.054309
v 0.007315 1.096911 0.054588
v 0.007535 1.096888 0.054809
v 0.007813 1.096858 0.054951
v 0.008120 1.096826 0.055000
v 0.008240 1.098384 0.041000
v 0.007931 1.098400 0.041049
v 0.007653 1.098414 0.041191
v 0.007432 1.098425 0.041412
v 0.007290 1.098433 0.041691
v 0.007241 1.098435 0.042000
v 0.007241 1.098435 0.054000
v 0.007290 1.098433 0.054309
v 0.007432 1.098425 0.054588
v 0.007653 1.098414 0.054809
v 0.007931 1.098400 0.054951
v 0.008240 1.098384 0.055000
v 0.008280 1.100040 0.041000
v 0.007971 1.100035 0.041049
v 0.007692 1.100031 0.041191
v 0.007470 1.100027 0.041412
v 0.007328 1.100025 0.041691
v 0.007279 1.100024 0.042000
v 0.007279 1.100024 0.054000
v 0.007328 1.100025 0.054309
v 0.007470 1.100027 0.054588
v 0.007692 1.100031 0.054809
v 0.007971 1.100035 0.054951
v 0.008280 1.100040 0.055000
v 0.008157 1.102233 0.041000
v 0.007850 1.102198 0.041049
v 0.007572 1.102166 0.041191
v 0.007352 1.102141 0.041412
v 0.007211 1.102125 0.041691
v 0.007162 1.102119 0.042000
v 0.007162 1.102119 0.054000
v 0.007211 1.102125 0.054309
v 0.007352 1.102141 0.054588
v 0.007572 1.102166 0.054809
v 0.007850 1.102198 0.054951
v 0.008157 1.102233 0.055000
v 0.007798 1.104303 0.041000
v 0.007497 1.104232 0.041049
v 0.007225 1.104167 0.041191
v 0.007010 1.104117 0.041412
v 0.006871 1.104084 0.041691
v 0.006823 1.104073 0.042000
v 0.006823 1.104073 0.054000
v 0.006871 1.104084 0.054309
v 0.007010 1.104117 0.054588
v 0.007225 1.104167 0.054809
v 0.007497 1.104232 0.054951
v 0.007798 1.104303 0.055000
v 0.007217 1.106237 0.041000
v 0.006926 1.106130 0.041049
v 0.006665 1.106033 0.041191
v 0.006457 1.105956 0.041412
v 0.006323 1.105906 0.041691
v 0.006277 1.105889 0.042000
v 0.006277 1.105889 0.054000
v 0.006323 1.105906 0.054309
v 0.006457 1.105956 0.054588
v 0.006665 1.106033 0.054809
v 0.006926 1.106130 0.054951
v 0.007217 1.106237 0.055000
v 0.006427 1.108022 0.041000
v 0.006152 1.107879 0.041049
v 0.005905 1.107750 0.041191
v 0.005708 1.107647 0.041412
v 0.005582 1.107581 0.041691
v 0.005538 1.107559 0.042000
v 0.005538 1.107559 0.054000
v 0.005582 1.107581 0.054309
v 0.005708 1.107647 0.054588
v 0.005905 1.107750 0.054809
v 0.006152 1.107879 0.054951
v 0.006427 1.108022 0.055000
v 0.005441 1.109646 0.041000
v 0.005188 1.109468 0.041049
v 0.004959 1.109308 0.041191
v 0.004778 1.109180 0.041412
v 0.004661 1.109099 0.041691
v 0.004621 1.109071 0.042000
v 0.004621 1.109071 0.054000
v 0.004661 1.109099 0.054309
v 0.004778 1.109180 0.054588
v 0.004959 1.109308 0.054809
v 0.005188 1.109468 0.054951
v 0.005441 1.109646 0.055000
v 0.004275 1.111095 0.041000
v 0.004047 1.110885 0.041049
v 0.003842 1.110695 0.041191
v 0.003679 1.110545 0.041412
v 0.003575 1.110448 0.041691
v 0.003539 1.110415 0.042000
v 0.003539 1.110415 0.054000
v 0.003575 1.110448 0.054309
v 0.003679 1.110545 0.054588
v 0.003842 1.110695 0.054809
v 0.004047 1.110885 0.054951
v 0.004275 1.111095 0.055000
v 0.002941 1.112357 0.041000
v 0.002744 1.112117 0.041049
v 0.002567 1.111902 0.041191
v 0.002426 1.111730 0.041412
v 0.002335 1.111621 0.041691
v 0.002304 1.111583 0.042000
v 0.002304 1.111583 0.054000
v 0.002335 1.111621 0.054309
v 0.002426 1.111730 0.054588
v 0.002567 1.111902 0.054809
v 0.002744 1.112117 0.054951
v 0.002941 1.112357 0.055000
v 0.001453 1.113418 0.041000
v 0.001291 1.113154 0.041049
v 0.001145 1.112916 0.041191
v 0.001030 1.112726 0.041412
v 0.000955 1.112605 0.041691
v 0.000929 1.112563 0.042000
v 0.000929 1.112563 0.054000
v 0.000955 1.112605 0.054309
v 0.001030 1.112726 0.054588
v 0.001145 1.112916 0.054809
v 0.001291 1.113154 0.054951
v 0.001453 1.113418 0.055000
v -0.000174 1.114266 0.041000
v -0.000298 1.113982 0.041049
v -0.000409 1.113725 0.041191
v -0.000498 1.113522 0.041412
v -0.000555 1.113391 0.041691
v -0.000574 1.113346 0.042000
v -0.000574 1.113346 0.054000
v -0.000555 1.113391 0.054309
v -0.000498 1.113522 0.054588
v -0.000409 1.113725 0.054809
v -0.000298 1.113982 0.054951
v -0.000174 1.114266 0.055000
v -0.001928 1.114887 0.041000
v -0.002011 1.114589 0.041049
v -0.002086 1.114320 0.041191
v -0.002146 1.114106 0.041412
v -0.002184 1.113969 0.041691
v -0.002197 1.113922 0.042000
v -0.002197 1.113922 0.054000
v -0.002184 1.113969 0.054309
v -0.002146 1.114106 0.054588
v -0.002086 1.114320 0.054809
v -0.002011 1.114589 0.054951
v -0.001928 1.114887 0.055000
v -0.003795 1.115270 0.041000
v -0.003836 1.114963 0.041049
v -0.003874 1.114686 0.041191
v -0.003903 1.114466 0.041412
v -0.003922 1.114325 0.041691
v -0.003929 1.114276 0.042000
v -0.003929 1.114276 0.054000
v -0.003922 1.114325 0.054309
v -0.003903 1.114466 0.054588
v -0.003874 1.114686 0.054809
v -0.003836 1.114963 0.054951
v -0.003795 1.115270 0.055000
v -0.005760 1.115400 0.041000
v -0.005764 1.115091 0.041049
v -0.005768 1.114812 0.041191
v -0.005771 1.114590 0.041412
v -0.005773 1.114448 0.041691
v -0.005774 1.114399 0.042000
v -0.005774 1.114399 0.054000
v -0.005773 1.114448 0.054309
v -0.005771 1.114590 0.054588
v -0.005768 1.114812 0.054809
v -0.005764 1.115091 0.054951
v -0.005760 1.115400 0.055000
v -0.007233 1.115343 0.041000
v -0.007208 1.115035 0.041049
v -0.007186 1.114757 0.041191
v -0.007169 1.114536 0.041412
v -0.007158 1.114394 0.041691
v -0.007154 1.114346 0.042000
v -0.007154 1.114346 0.054000
v -0.007158 1.114394 0.054309
v -0.007169 1.114536 0.054588
v -0.007186 1.114757 0.054809
v -0.007208 1.115035 0.054951
v -0.007233 1.115343 0.055000
v -0.008712 1.115166 0.041000
v -0.008662 1.114860 0.041049
v -0.008617 1.114585 0.041191
v -0.008581 1.114367 0.041412
v -0.008558 1.114226 0.041691
v -0.008551 1.114178 0.042000
v -0.008551 1.114178 0.054000
v -0.008558 1.114226 0.054309
v -0.008581 1.114367 0.054588
v -0.008617 1.114585 0.054809
v -0.008662 1.114860 0.054951
v -0.008712 1.115166 0.055000
v -0.010200 1.114856 0.041000
v -0.010124 1.114557 0.041049
v -0.010055 1.114286 0.041191
v -0.010000 1.114071 0.041412
v -0.009965 1.113934 0.041691
v -0.009953 1.113886 0.042000
v -0.009953 1.113886 0.054000
v -0.009965 1.113934 0.054309
v -0.010000 1.114071 0.054588
v -0.010055 1.114286 0.054809
v -0.010124 1.114557 0.054951
v -0.010200 1.114856 0.055000
v -0.011698 1.114404 0.041000
v -0.011595 1.114113 0.041049
v -0.011503 1.113849 0.041191
v -0.011430 1.113640 0.041412
v -0.011383 1.113506 0.041691
v -0.011367 1.113460 0.042000
v -0.011367 1.113460 0.054000
v -0.011383 1.113506 0.054309
v -0.011430 1.113640 0.054588
v -0.011503 1.113849 0.054809
v -0.011595 1.114113 0.054951
v -0.011698 1.114404 0.055000
v -0.013207 1.113799 0.041000
v -0.013080 1.113518 0.041049
v -0.012965 1.113263 0.041191
v -0.012874 1.113061 0.041412
v -0.012815 1.112932 0.041691
v -0.012795 1.112887 0.042000
v -0.012795 1.112887 0.054000
v -0.012815 1.112932 0.054309
v -0.012874 1.113061 0.054588
v -0.012965 1.113263 0.054809
v -0.013080 1.113518 0.054951
v -0.013207 1.113799 0.055000
v -0.014730 1.113030 0.041000
v -0.014579 1.112760 0.041049
v -0.014443 1.112516 0.041191
v -0.014335 1.112323 0.041412
v -0.014266 1.112199 0.041691
v -0.014242 1.112156 0.042000
v -0.014242 1.112156 0.054000
v -0.014266 1.112199 0.054309
v -0.014335 1.112323 0.054588
v -0.014443 1.112516 0.054809
v -0.014579 1.112760 0.054951
v -0.014730 1.113030 0.055000
v -0.016268 1.112086 0.041000
v -0.016096 1.111829 0.041049
v -0.015941 1.111597 0.041191
v -0.015818 1.111413 0.041412
v -0.015739 1.111295 0.041691
v -0.015711 1.111254 0.042000
v -0.015711 1.111254 0.054000
v -0.015739 1.111295 0.054309
v -0.015818 1.111413 0.054588
v -0.015941 1.111597 0.054809
v -0.016096 1.111829 0.054951
v -0.016268 1.112086 0.055000
v -0.017822 1.110956 0.041000
v -0.017631 1.110712 0.041049
v -0.017459 1.110493 0.041191
v -0.017323 1.110318 0.041412
v -0.017235 1.110206 0.041691
v -0.017205 1.110168 0.042000
v -0.017205 1.110168 0.054000
v -0.017235 1.110206 0.054309
v -0.017323 1.110318 0.054588
v -0.017459 1.110493 0.054809
v -0.017631 1.110712 0.054951
v -0.017822 1.110956 0.055000
v -0.019395 1.109629 0.041000
v -0.019188 1.109399 0.041049
v -0.019001 1.109192 0.041191
v -0.018853 1.109028 0.041412
v -0.018758 1.108922 0.041691
v -0.018725 1.108886 0.042000
v -0.018725 1.108886 0.054000
v -0.018758 1.108922 0.054309
v -0.018853 1.109028 0.054588
v -0.019001 1.109192 0.054809
v -0.019188 1.109399 0.054951
v -0.019395 1.109629 0.055000
v -0.020988 1.108094 0.041000
v -0.020767 1.107878 0.041049
v -0.020567 1.107683 0.041191
v -0.020409 1.107529 0.041412
v -0.020308 1.107429 0.041691
v -0.020273 1.107395 0.042000
v -0.020273 1.107395 0.054000
v -0.020308 1.107429 0.054309
v -0.020409 1.107529 0.054588
v -0.020567 1.107683 0.054809
v -0.020767 1.107878 0.054951
v -0.020988 1.108094 0.055000
v -0.022602 1.106342 0.041000
v -0.022369 1.106139 0.041049
v -0.022159 1.105955 0.041191
v -0.021992 1.105810 0.041412
v -0.021885 1.105716 0.041691
v -0.021849 1.105684 0.042000
v -0.021849 1.105684 0.054000
v -0.021885 1.105716 0.054309
v -0.021992 1.105810 0.054588
v -0.022159 1.105955 0.054809
v -0.022369 1.106139 0.054951
v -0.022602 1.106342 0.055000
v -0.024240 1.104360 0.041000
v -0.024549 1.103501 0.041049
v -0.024828 1.102726 0.041191
v -0.025049 1.102111 0.041412
v -0.025191 1.101716 0.041691
v -0.025240 1.101580 0.042000
v -0.025240 1.101580 0.054000
v -0.025191 1.101716 0.054309
v -0.025049 1.102111 0.054588
v -0.024828 1.102726 0.054809
v -0.024549 1.103501 0.054951
v -0.024240 1.104360 0.055000
v -0.024240 1.119120 0.041000
v -0.024549 1.119272 0.041049
v -0.024828 1.119409 0.041191
v -0.025049 1.119518 0.041412
v -0.025191 1.119588 0.041691
v -0.025240 1.119612 0.042000
v -0.025240 1.119612 0.054000
v -0.025191 1.119588 0.054309
v -0.025049 1.119518 0.054588
v -0.024828 1.119409 0.054809
v -0.024549 1.119272 0.054951
v -0.024240 1.119120 0.055000
v -0.022599 1.120383 0.041000
v -0.022783 1.120631 0.041049
v -0.022949 1.120856 0.041191
v -0.023080 1.121034 0.041412
v -0.023164 1.121148 0.041691
v -0.023193 1.121187 0.042000
v -0.023193 1.121187 0.054000
v -0.023164 1.121148 0.054309
v -0.023080 1.121034 0.054588
v -0.022949 1.120856 0.054809
v -0.022783 1.120631 0.054951
v -0.022599 1.120383 0.055000
v -0.020976 1.121531 0.041000
v -0.021148 1.121787 0.041049
v -0.021304 1.122019 0.041191
v -0.021428 1.122202 0.041412
v -0.021507 1.122320 0.041691
v -0.021535 1.122360 0.042000
v -0.021535 1.122360 0.054000
v -0.021507 1.122320 0.054309
v -0.021428 1.122202 0.054588
v -0.021304 1.122019 0.054809
v -0.021148 1.121787 0.054951
v -0.020976 1.121531 0.055000
v -0.019365 1.122566 0.041000
v -0.019526 1.122830 0.041049
v -0.019671 1.123068 0.041191
v -0.019786 1.123257 0.041412
v -0.019860 1.123379 0.041691
v -0.019885 1.123421 0.042000
v -0.019885 1.123421 0.054000
v -0.019860 1.123379 0.054309
v -0.019786 1.123257 0.054588
v -0.019671 1.123068 0.054809
v -0.019526 1.122830 0.054951
v -0.019365 1.122566 0.055000
v -0.017764 1.123489 0.041000
v -0.017912 1.123761 0.041049
v -0.018045 1.124006 0.041191
v -0.018150 1.124200 0.041412
v -0.018218 1.124325 0.041691
v -0.018241 1.124368 0.042000
v -0.018241 1.124368 0.054000
v -0.018218 1.124325 0.054309
v -0.018150 1.124200 0.054588
v -0.018045 1.124006 0.054809
v -0.017912 1.123761 0.054951
v -0.017764 1.123489 0.055000
v -0.016171 1.124300 0.041000
v -0.016303 1.124579 0.041049
v -0.016422 1.124831 0.041191
v -0.016517 1.125031 0.041412
v -0.016578 1.125160 0.041691
v -0.016599 1.125204 0.042000
v -0.016599 1.125204 0.054000
v -0.016578 1.125160 0.054309
v -0.016517 1.125031 0.054588
v -0.016422 1.124831 0.054809
v -0.016303 1.124579 0.054951
v -0.016171 1.124300 0.055000
v -0.014580 1.125000 0.041000
v -0.014696 1.125287 0.041049
v -0.014801 1.125545 0.041191
v -0.014884 1.125750 0.041412
v -0.014937 1.125882 0.041691
v -0.014956 1.125927 0.042000
v -0.014956 1.125927 0.054000
v -0.014937 1.125882 0.054309
v -0.014884 1.125750 0.054588
v -0.014801 1.125545 0.054809
v -0.014696 1.125287 0.054951
v -0.014580 1.125000 0.055000
v -0.012989 1.125590 0.041000
v -0.013088 1.125883 0.041049
v -0.013177 1.126148 0.041191
v -0.013247 1.126357 0.041412
v -0.013293 1.126492 0.041691
v -0.013308 1.126539 0.042000
v -0.013308 1.126539 0.054000
v -0.013293 1.126492 0.054309
v -0.013247 1.126357 0.054588
v -0.013177 1.126148 0.054809
v -0.013088 1.125883 0.054951
v -0.012989 1.125590 0.055000
v -0.011396 1.126071 0.041000
v -0.011475 1.126370 0.041049
v -0.011547 1.126639 0.041191
v -0.011604 1.126853 0.041412
v -0.011641 1.126991 0.041691
v -0.011654 1.127038 0.042000
v -0.011654 1.127038 0.054000
v -0.011641 1.126991 0.054309
v -0.011604 1.126853 0.054588
v -0.011547 1.126639 0.054809
v -0.011475 1.126370 0.054951
v -0.011396 1.126071 0.055000
v -0.009795 1.126444 0.041000
v -0.009855 1.126747 0.041049
v -0.009910 1.127021 0.041191
v -0.009953 1.127238 0.041412
v -0.009980 1.127377 0.041691
v -0.009990 1.127425 0.042000
v -0.009990 1.127425 0.054000
v -0.009980 1.127377 0.054309
v -0.009953 1.127238 0.054588
v -0.009910 1.127021 0.054809
v -0.009855 1.126747 0.054951
v -0.009795 1.126444 0.055000
v -0.008184 1.126709 0.041000
v -0.008225 1.127015 0.041049
v -0.008261 1.127292 0.041191
v -0.008290 1.127512 0.041412
v -0.008308 1.127652 0.041691
v -0.008314 1.127701 0.042000
v -0.008314 1.127701 0.054000
v -0.008308 1.127652 0.054309
v -0.008290 1.127512 0.054588
v -0.008261 1.127292 0.054809
v -0.008225 1.127015 0.054951
v -0.008184 1.126709 0.055000
v -0.006561 1.126867 0.041000
v -0.006581 1.127176 0.041049
v -0.006599 1.127454 0.041191
v -0.006613 1.127675 0.041412
v -0.006622 1.127817 0.041691
v -0.006625 1.127866 0.042000
v -0.006625 1.127866 0.054000
v -0.006622 1.127817 0.054309
v -0.006613 1.127675 0.054588
v -0.006599 1.127454 0.054809
v -0.006581 1.127176 0.054951
v -0.006561 1.126867 0.055000
v -0.004920 1.126920 0.041000
v -0.004916 1.127229 0.041049
v -0.004912 1.127508 0.041191
v -0.004909 1.127730 0.041412
v -0.004907 1.127872 0.041691
v -0.004906 1.127921 0.042000
v -0.004906 1.127921 0.054000
v -0.004907 1.127872 0.054309
v -0.004909 1.127730 0.054588
v -0.004912 1.127508 0.054809
v -0.004916 1.127229 0.054951
v -0.004920 1.126920 0.055000
v -0.001328 1.126706 0.041000
v -0.001291 1.127013 0.041049
v -0.001257 1.127290 0.041191
v -0.001230 1.127510 0.041412
v -0.001213 1.127652 0.041691
v -0.001207 1.127700 0.042000
v -0.001207 1.127700 0.054000
v -0.001213 1.127652 0.054309
v -0.001230 1.127510 0.054588
v -0.001257 1.127290 0.054809
v -0.001291 1.127013 0.054951
v -0.001328 1.126706 0.055000
v 0.002054 1.126077 0.041000
v 0.002130 1.126377 0.041049
v 0.002199 1.126648 0.041191
v 0.002254 1.126862 0.041412
v 0.002289 1.127000 0.041691
v 0.002301 1.127048 0.042000
v 0.002301 1.127048 0.054000
v 0.002289 1.127000 0.054309
v 0.002254 1.126862 0.054588
v 0.002199 1.126648 0.054809
v 0.002130 1.126377 0.054951
v 0.002054 1.126077 0.055000
v 0.005207 1.125053 0.041000
v 0.005322 1.125340 0.041049
v 0.005426 1.125599 0.041191
v 0.005509 1.125805 0.041412
v 0.005562 1.125937 0.041691
v 0.005580 1.125983 0.042000
v 0.005580 1.125983 0.054000
v 0.005562 1.125937 0.054309
v 0.005509 1.125805 0.054588
v 0.005426 1.125599 0.054809
v 0.005322 1.125340 0.054951
v 0.005207 1.125053 0.055000
v 0.008111 1.123653 0.041000
v 0.008265 1.123922 0.041049
v 0.008403 1.124165 0.041191
v 0.008513 1.124358 0.041412
v 0.008583 1.124482 0.041691
v 0.008608 1.124524 0.042000
v 0.008608 1.124524 0.054000
v 0.008583 1.124482 0.054309
v 0.008513 1.124358 0.054588
v 0.008403 1.124165 0.054809
v 0.008265 1.123922 0.054951
v 0.008111 1.123653 0.055000
v 0.010747 1.121899 0.041000
v 0.010936 1.122144 0.041049
v 0.011107 1.122366 0.041191
v 0.011242 1.122541 0.041412
v 0.011329 1.122654 0.041691
v 0.011359 1.122693 0.042000
v 0.011359 1.122693 0.054000
v 0.011329 1.122654 0.054309
v 0.011242 1.122541 0.054588
v 0.011107 1.122366 0.054809
v 0.010936 1.122144 0.054951
v 0.010747 1.121899 0.055000
v 0.013095 1.119810 0.041000
v 0.013317 1.120026 0.041049
v 0.013516 1.120222 0.041191
v 0.013675 1.120377 0.041412
v 0.013777 1.120476 0.041691
v 0.013812 1.120511 0.042000
v 0.013812 1.120511 0.054000
v 0.013777 1.120476 0.054309
v 0.013675 1.120377 0.054588
v 0.013516 1.120222 0.054809
v 0.013317 1.120026 0.054951
v 0.013095 1.119810 0.055000
v 0.015135 1.117406 0.041000
v 0.015385 1.117590 0.041049
v 0.015610 1.117755 0.041191
v 0.015789 1.117887 0.041412
v 0.015903 1.117971 0.041691
v 0.015943 1.118000 0.042000
v 0.015943 1.118000 0.054000
v 0.015903 1.117971 0.054309
v 0.015789 1.117887 0.054588
v 0.015610 1.117755 0.054809
v 0.015385 1.117590 0.054951
v 0.015135 1.117406 0.055000
v 0.016849 1.114707 0.041000
v 0.017121 1.114855 0.041049
v 0.017366 1.114988 0.041191
v 0.017561 1.115094 0.041412
v 0.017686 1.115162 0.041691
v 0.017729 1.115186 0.042000
v 0.017729 1.115186 0.054000
v 0.017686 1.115162 0.054309
v 0.017561 1.115094 0.054588
v 0.017366 1.114988 0.054809
v 0.017121 1.114855 0.054951
v 0.016849 1.114707 0.055000
v 0.018216 1.111733 0.041000
v 0.018505 1.111843 0.041049
v 0.018766 1.111943 0.041191
v 0.018973 1.112022 0.041412
v 0.019106 1.112073 0.041691
v 0.019152 1.112091 0.042000
v 0.019152 1.112091 0.054000
v 0.019106 1.112073 0.054309
v 0.018973 1.112022 0.054588
v 0.018766 1.111943 0.054809
v 0.018505 1.111843 0.054951
v 0.018216 1.111733 0.055000
v 0.019216 1.108503 0.041000
v 0.019517 1.108576 0.041049
v 0.019788 1.108642 0.041191
v 0.020004 1.108695 0.041412
v 0.020142 1.108728 0.041691
v 0.020190 1.108740 0.042000
v 0.020190 1.108740 0.054000
v 0.020142 1.108728 0.054309
v 0.020004 1.108695 0.054588
v 0.019788 1.108642 0.054809
v 0.019517 1.108576 0.054951
v 0.019216 1.108503 0.055000
v 0.019831 1.105039 0.041000
v 0.020138 1.105075 0.041049
v 0.020416 1.105107 0.041191
v 0.020636 1.105133 0.041412
v 0.020777 1.105150 0.041691
v 0.020826 1.105155 0.042000
v 0.020826 1.105155 0.054000
v 0.020777 1.105150 0.054309
v 0.020636 1.105133 0.054588
v 0.020416 1.105107 0.054809
v 0.020138 1.105075 0.054951
v 0.019831 1.105039 0.055000
v 0.020040 1.101360 0.041000
v 0.020349 1.101362 0.041049
v 0.020629 1.101363 0.041191
v 0.020850 1.101364 0.041412
v 0.020992 1.101365 0.041691
v 0.021041 1.101365 0.042000
v 0.021041 1.101365 0.054000
v 0.020992 1.101365 0.054309
v 0.020850 1.101364 0.054588
v 0.020629 1.101363 0.054809
v 0.020349 1.101362 0.054951
v 0.020040 1.101360 0.055000
v 0.019888 1.098068 0.041000
v 0.020196 1.098039 0.041049
v 0.020474 1.098012 0.041191
v 0.020694 1.097991 0.041412
v 0.020836 1.097978 0.041691
v 0.020884 1.097973 0.042000
v 0.020884 1.097973 0.054000
v 0.020836 1.097978 0.054309
v 0.020694 1.097991 0.054588
v 0.020474 1.098012 0.054809
v 0.020196 1.098039 0.054951
v 0.019888 1.098068 0.055000
v 0.019422 1.094821 0.041000
v 0.019726 1.094762 0.041049
v 0.020000 1.094710 0.041191
v 0.020217 1.094667 0.041412
v 0.020357 1.094640 0.041691
v 0.020405 1.094631 0.042000
v 0.020405 1.094631 0.054000
v 0.020357 1.094640 0.054309
v 0.020217 1.094667 0.054588
v 0.020000 1.094710 0.054809
v 0.019726 1.094762 0.054951
v 0.019422 1.094821 0.055000
v 0.018630 1.091576 0.041000
v 0.018927 1.091489 0.041049
v 0.019195 1.091411 0.041191
v 0.019407 1.091348 0.041412
v 0.019544 1.091308 0.041691
v 0.019591 1.091294 0.042000
v 0.019591 1.091294 0.054000
v 0.019544 1.091308 0.054309
v 0.019407 1.091348 0.054588
v 0.019195 1.091411 0.054809
v 0.018927 1.091489 0.054951
v 0.018630 1.091576 0.055000
v 0.017498 1.088289 0.041000
v 0.017786 1.088176 0.041049
v 0.018046 1.088074 0.041191
v 0.018252 1.087994 0.041412
v 0.018384 1.087942 0.041691
v 0.018430 1.087924 0.042000
v 0.018430 1.087924 0.054000
v 0.018384 1.087942 0.054309
v 0.018252 1.087994 0.054588
v 0.018046 1.088074 0.054809
v 0.017786 1.088176 0.054951
v 0.017498 1.088289 0.055000
v 0.016012 1.084915 0.041000
v 0.016291 1.084780 0.041049
v 0.016542 1.084659 0.041191
v 0.016741 1.084562 0.041412
v 0.016869 1.084501 0.041691
v 0.016913 1.084479 0.042000
v 0.016913 1.084479 0.054000
v 0.016869 1.084501 0.054309
v 0.016741 1.084562 0.054588
v 0.016542 1.084659 0.054809
v 0.016291 1.084780 0.054951
v 0.016012 1.084915 0.055000
v 0.014160 1.081410 0.041000
v 0.014429 1.081258 0.041049
v 0.014672 1.081120 0.041191
v 0.014864 1.081011 0.041412
v 0.014988 1.080941 0.041691
v 0.015030 1.080917 0.042000
v 0.015030 1.080917 0.054000
v 0.014988 1.080941 0.054309
v 0.014864 1.081011 0.054588
v 0.014672 1.081120 0.054809
v 0.014429 1.081258 0.054951
v 0.014160 1.081410 0.055000
v 0.011928 1.077730 0.041000
v 0.012188 1.077564 0.041049
v 0.012423 1.077413 0.041191
v 0.012610 1.077294 0.041412
v 0.012729 1.077218 0.041691
v 0.012770 1.077191 0.042000
v 0.012770 1.077191 0.054000
v 0.012729 1.077218 0.054309
v 0.012610 1.077294 0.054588
v 0.012423 1.077413 0.054809
v 0.012188 1.077564 0.054951
v 0.011928 1.077730 0.055000
v 0.009302 1.073831 0.041000
v 0.009555 1.073654 0.041049
v 0.009784 1.073494 0.041191
v 0.009965 1.073367 0.041412
v 0.010081 1.073285 0.041691
v 0.010121 1.073257 0.042000
v 0.010121 1.073257 0.054000
v 0.010081 1.073285 0.054309
v 0.009965 1.073367 0.054588
v 0.009784 1.073494 0.054809
v 0.009555 1.073654 0.054951
v 0.009302 1.073831 0.055000
v 0.006270 1.069669 0.041000
v 0.006517 1.069483 0.041049
v 0.006740 1.069316 0.041191
v 0.006917 1.069183 0.041412
v 0.007031 1.069098 0.041691
v 0.007070 1.069069 0.042000
v 0.007070 1.069069 0.054000
v 0.007031 1.069098 0.054309
v 0.006917 1.069183 0.054588
v 0.006740 1.069316 0.054809
v 0.006517 1.069483 0.054951
v 0.006270 1.069669 0.055000
v 0.002818 1.065199 0.041000
v 0.003060 1.065008 0.041049
v 0.003279 1.064835 0.041191
v 0.003453 1.064698 0.041412
v 0.003564 1.064610 0.041691
v 0.003603 1.064579 0.042000
v 0.003603 1.064579 0.054000
v 0.003564 1.064610 0.054309
v 0.003453 1.064698 0.054588
v 0.003279 1.064835 0.054809
v 0.003060 1.065008 0.054951
v 0.002818 1.065199 0.055000
v -0.001068 1.060377 0.041000
v -0.000829 1.060182 0.041049
v -0.000613 1.060005 0.041191
v -0.000442 1.059865 0.041412
v -0.000332 1.059775 0.041691
v -0.000294 1.059744 0.042000
v -0.000294 1.059744 0.054000
v -0.000332 1.059775 0.054309
v -0.000442 1.059865 0.054588
v -0.000613 1.060005 0.054809
v -0.000829 1.060182 0.054951
v -0.001068 1.060377 0.055000
v -0.005400 1.055160 0.041000
v -0.004742 1.055469 0.041049
v -0.004148 1.055748 0.041191
v -0.003677 1.055969 0.041412
v -0.003374 1.056111 0.041691
v -0.003270 1.056160 0.042000
v -0.003270 1.056160 0.054000
v -0.003374 1.056111 0.054309
v -0.003677 1.055969 0.054588
v -0.004148 1.055748 0.054809
v -0.004742 1.055469 0.054951
v -0.005400 1.055160 0.055000
v 0.025920 1.055160 0.041000
v 0.026229 1.055469 0.041049
v 0.026508 1.055748 0.041191
v 0.026729 1.055969 0.041412
v 0.026871 1.056111 0.041691
v 0.026920 1.056160 0.042000
v 0.026920 1.056160 0.054000
v 0.026871 1.056111 0.054309
v 0.026729 1.055969 0.054588
v 0.026508 1.055748 0.054809
v 0.026229 1.055469 0.054951
v 0.025920 1.055160 0.055000
v 0.025920 1.044000 0.041000
v 0.026229 1.043691 0.041049
v 0.026508 1.043412 0.041191
v 0.026729 1.043191 0.041412
v 0.026871 1.043049 0.041691
v 0.026920 1.043000 0.042000
v 0.026920 1.043000 0.054000
v 0.026871 1.043049 0.054309
v 0.026729 1.043191 0.054588
v 0.026508 1.043412 0.054809
v 0.026229 1.043691 0.054951
v 0.025920 1.044000 0.055000
vn -0.0000 -0.0000 1.0000
vn -0.0000 -0.0000 -1.0000
vn -0.1980 -0.1980 -0.9600
vn -0.3035 0.1090 -0.9466
vn -0.1387 0.0499 -0.9891
vn -0.0787 -0.0787 -0.9938
vn -0.3610 -0.3610 -0.8599
vn -0.5529 0.1986 -0.8093
vn -0.5226 -0.5226 -0.6736
vn -0.7572 0.2721 -0.5938
vn -0.6543 -0.6543 -0.3792
vn -0.8932 0.3209 -0.3151
vn -0.7032 -0.7032 -0.1049
vn -0.9379 0.3370 -0.0818
vn -0.7032 -0.7032 0.1049
vn -0.9379 0.3370 0.0818
vn -0.6543 -0.6543 0.3792
vn -0.8932 0.3209 0.3151
vn -0.5226 -0.5226 0.6736
vn -0.7572 0.2721 0.5938
vn -0.3610 -0.3610 0.8599
vn -0.5529 0.1986 0.8093
vn -0.1980 -0.1980 0.9600
vn -0.3035 0.1090 0.9466
vn -0.0787 -0.0787 0.9938
vn -0.1387 0.0499 0.9891
vn -0.2384 0.1966 -0.9511
vn -0.1207 0.0995 -0.9877
vn -0.4535 0.3740 -0.8090
vn -0.6241 0.5147 -0.5878
vn -0.7337 0.6051 -0.3090
vn -0.7691 0.6343 -0.0785
vn -0.7691 0.6343 0.0785
vn -0.7337 0.6051 0.3090
vn -0.6241 0.5147 0.5878
vn -0.4535 0.3740 0.8090
vn -0.2384 0.1966 0.9511
vn -0.1207 0.0995 0.9877
vn -0.2386 0.1962 -0.9511
vn -0.1208 0.0993 -0.9877
vn -0.4540 0.3732 -0.8091
vn -0.6249 0.5137 -0.5878
vn -0.7347 0.6039 -0.3091
vn -0.7701 0.6331 -0.0785
vn -0.7701 0.6331 0.0785
vn -0.7347 0.6039 0.3091
vn -0.6249 0.5137 0.5878
vn -0.4540 0.3732 0.8091
vn -0.2386 0.1962 0.9511
vn -0.1208 0.0993 0.9877
vn -0.2393 0.1952 -0.9511
vn -0.1212 0.0989 -0.9877
vn -0.4553 0.3715 -0.8091
vn -0.6268 0.5114 -0.5879
vn -0.7369 0.6012 -0.3091
vn -0.7724 0.6302 -0.0785
vn -0.7724 0.6302 0.0785
vn -0.7369 0.6012 0.3091
vn -0.6268 0.5114 0.5879
vn -0.4553 0.3715 0.8091
vn -0.2393 0.1952 0.9511
vn -0.1212 0.0989 0.9877
vn -0.2403 0.1938 -0.9512
vn -0.1218 0.0982 -0.9877
vn -0.4574 0.3689 -0.8092
vn -0.6296 0.5078 -0.5879
vn -0.7403 0.5970 -0.3091
vn -0.7760 0.6258 -0.0785
vn -0.7760 0.6258 0.0785
vn -0.7403 0.5970 0.3091
vn -0.6296 0.5078 0.5879
vn -0.4574 0.3689 0.8092
vn -0.2403 0.1938 0.9512
vn -0.1218 0.0982 0.9877
vn -0.2417 0.1919 -0.9512
vn -0.1225 0.0973 -0.9877
vn -0.4601 0.3653 -0.8092
vn -0.6335 0.5029 -0.5880
vn -0.7448 0.5913 -0.3091
vn -0.7808 0.6199 -0.0785
vn -0.7808 0.6199 0.0785
vn -0.7448 0.5913 0.3091
vn -0.6335 0.5029 0.5880
vn -0.4601 0.3653 0.8092
vn -0.2417 0.1919 0.9512
vn -0.1225 0.0973 0.9877
vn -0.2435 0.1894 -0.9512
vn -0.1235 0.0960 -0.9877
vn -0.4637 0.3607 -0.8093
vn -0.6384 0.4966 -0.5881
vn -0.7506 0.5839 -0.3092
vn -0.7869 0.6121 -0.0785
vn -0.7869 0.6121 0.0785
vn -0.7506 0.5839 0.3092
vn -0.6384 0.4966 0.5881
vn -0.4637 0.3607 0.8093
vn -0.2435 0.1894 0.9512
vn -0.1235 0.0960 0.9877
vn -0.2457 0.1863 -0.9513
vn -0.1246 0.0945 -0.9877
vn -0.4680 0.3549 -0.8093
vn -0.6444 0.4887 -0.5881
vn -0.7578 0.5746 -0.3092
vn -0.7944 0.6024 -0.0785
vn -0.7944 0.6024 0.0785
vn -0.7578 0.5746 0.3092
vn -0.6444 0.4887 0.5881
vn -0.4680 0.3549 0.8093
vn -0.2457 0.1863 0.9513
vn -0.1246 0.0945 0.9877
vn -0.2484 0.1825 -0.9513
vn -0.1261 0.0926 -0.9877
vn -0.4732 0.3477 -0.8094
vn -0.6517 0.4788 -0.5882
vn -0.7664 0.5630 -0.3093
vn -0.8034 0.5902 -0.0785
vn -0.8034 0.5902 0.0785
vn -0.7664 0.5630 0.3093
vn -0.6517 0.4788 0.5882
vn -0.4732 0.3477 0.8094
vn -0.2484 0.1825 0.9513
vn -0.1261 0.0926 0.9877
vn -0.2516 0.1778 -0.9514
vn -0.1278 0.0903 -0.9877
vn -0.4795 0.3388 -0.8095
vn -0.6605 0.4666 -0.5883
vn -0.7767 0.5487 -0.3093
vn -0.8142 0.5752 -0.0785
vn -0.8142 0.5752 0.0785
vn -0.7767 0.5487 0.3093
vn -0.6605 0.4666 0.5883
vn -0.4795 0.3388 0.8095
vn -0.2516 0.1778 0.9514
vn -0.1278 0.0903 0.9877
vn -0.2554 0.1718 -0.9514
vn -0.1298 0.0873 -0.9877
vn -0.4870 0.3276 -0.8096
vn -0.6709 0.4513 -0.5884
vn -0.7890 0.5308 -0.3094
vn -0.8271 0.5565 -0.0785
vn -0.8271 0.5565 0.0785
vn -0.7890 0.5308 0.3094
vn -0.6709 0.4513 0.5884
vn -0.4870 0.3276 0.8096
vn -0.2554 0.1718 0.9514
vn -0.1298 0.0873 0.9877
vn -0.2599 0.1644 -0.9515
vn -0.1322 0.0836 -0.9877
vn -0.4959 0.3136 -0.8098
vn -0.6832 0.4322 -0.5886
vn -0.8036 0.5083 -0.3095
vn -0.8425 0.5329 -0.0785
vn -0.8425 0.5329 0.0785
vn -0.8036 0.5083 0.3095
vn -0.6832 0.4322 0.5886
vn -0.4959 0.3136 0.8098
vn -0.2599 0.1644 0.9515
vn -0.1322 0.0836 0.9877
vn -0.2648 0.1569 -0.9515
vn -0.1346 0.0798 -0.9877
vn -0.5049 0.2992 -0.8097
vn -0.6956 0.4122 -0.5884
vn -0.8180 0.4848 -0.3094
vn -0.8576 0.5083 -0.0785
vn -0.8576 0.5083 0.0785
vn -0.8180 0.4848 0.3094
vn -0.6956 0.4122 0.5884
vn -0.5049 0.2992 0.8097
vn -0.2648 0.1569 0.9515
vn -0.1346 0.0798 0.9877
vn -0.2685 0.1516 -0.9513
vn -0.1362 0.0769 -0.9877
vn -0.5114 0.2888 -0.8094
vn -0.7042 0.3977 -0.5882
vn -0.8280 0.4677 -0.3092
vn -0.8680 0.4903 -0.0785
vn -0.8680 0.4903 0.0785
vn -0.8280 0.4677 0.3092
vn -0.7042 0.3977 0.5882
vn -0.5114 0.2888 0.8094
vn -0.2685 0.1516 0.9513
vn -0.1362 0.0769 0.9877
vn -0.2710 0.1464 -0.9514
vn -0.1376 0.0743 -0.9877
vn -0.5165 0.2790 -0.8096
vn -0.7114 0.3843 -0.5883
vn -0.8367 0.4520 -0.3094
vn -0.8771 0.4738 -0.0785
vn -0.8771 0.4738 0.0785
vn -0.8367 0.4520 0.3094
vn -0.7114 0.3843 0.5883
vn -0.5165 0.2790 0.8096
vn -0.2710 0.1464 0.9514
vn -0.1376 0.0743 0.9877
vn -0.2744 0.1390 -0.9515
vn -0.1395 0.0707 -0.9877
vn -0.5235 0.2651 -0.8098
vn -0.7213 0.3652 -0.5886
vn -0.8483 0.4296 -0.3095
vn -0.8894 0.4503 -0.0785
vn -0.8894 0.4503 0.0785
vn -0.8483 0.4296 0.3095
vn -0.7213 0.3652 0.5886
vn -0.5235 0.2651 0.8098
vn -0.2744 0.1390 0.9515
vn -0.1395 0.0707 0.9877
vn -0.2787 0.1292 -0.9516
vn -0.1419 0.0658 -0.9877
vn -0.5321 0.2466 -0.8100
vn -0.7334 0.3398 -0.5888
vn -0.8627 0.3998 -0.3096
vn -0.9045 0.4191 -0.0785
vn -0.9045 0.4191 0.0785
vn -0.8627 0.3998 0.3096
vn -0.7334 0.3398 0.5888
vn -0.5321 0.2466 0.8100
vn -0.2787 0.1292 0.9516
vn -0.1419 0.0658 0.9877
vn -0.2837 0.1169 -0.9518
vn -0.1446 0.0596 -0.9877
vn -0.5419 0.2234 -0.8102
vn -0.7471 0.3080 -0.5890
vn -0.8791 0.3624 -0.3098
vn -0.9217 0.3799 -0.0786
vn -0.9217 0.3799 0.0786
vn -0.8791 0.3624 0.3098
vn -0.7471 0.3080 0.5890
vn -0.5419 0.2234 0.8102
vn -0.2837 0.1169 0.9518
vn -0.1446 0.0596 0.9877
vn -0.2889 0.1024 -0.9519
vn -0.1474 0.0523 -0.9877
vn -0.5522 0.1958 -0.8104
vn -0.7616 0.2700 -0.5892
vn -0.8961 0.3177 -0.3099
vn -0.9396 0.3331 -0.0786
vn -0.9396 0.3331 0.0786
vn -0.8961 0.3177 0.3099
vn -0.7616 0.2700 0.5892
vn -0.5522 0.1958 0.8104
vn -0.2889 0.1024 0.9519
vn -0.1474 0.0523 0.9877
vn -0.2939 0.0860 -0.9519
vn -0.1501 0.0439 -0.9877
vn -0.5622 0.1645 -0.8105
vn -0.7754 0.2269 -0.5893
vn -0.9125 0.2670 -0.3100
vn -0.9568 0.2799 -0.0786
vn -0.9568 0.2799 0.0786
vn -0.9125 0.2670 0.3100
vn -0.7754 0.2269 0.5893
vn -0.5622 0.1645 0.8105
vn -0.2939 0.0860 0.9519
vn -0.1501 0.0439 0.9877
vn -0.2984 0.0683 -0.9520
vn -0.1524 0.0349 -0.9877
vn -0.5709 0.1307 -0.8106
vn -0.7875 0.1802 -0.5894
vn -0.9268 0.2121 -0.3100
vn -0.9718 0.2224 -0.0786
vn -0.9718 0.2224 0.0786
vn -0.9268 0.2121 0.3100
vn -0.7875 0.1802 0.5894
vn -0.5709 0.1307 0.8106
vn -0.2984 0.0683 0.9520
vn -0.1524 0.0349 0.9877
vn -0.3020 0.0501 -0.9520
vn -0.1543 0.0256 -0.9877
vn -0.5777 0.0959 -0.8106
vn -0.7970 0.1322 -0.5894
vn -0.9379 0.1556 -0.3100
vn -0.9835 0.1632 -0.0786
vn -0.9835 0.1632 0.0786
vn -0.9379 0.1556 0.3100
vn -0.7970 0.1322 0.5894
vn -0.5777 0.0959 0.8106
vn -0.3020 0.0501 0.9520
vn -0.1543 0.0256 0.9877
vn -0.3046 0.0323 -0.9519
vn -0.1555 0.0165 -0.9877
vn -0.5825 0.0617 -0.8105
vn -0.8034 0.0851 -0.5893
vn -0.9455 0.1002 -0.3100
vn -0.9914 0.1050 -0.0786
vn -0.9914 0.1050 0.0786
vn -0.9455 0.1002 0.3100
vn -0.8034 0.0851 0.5893
vn -0.5825 0.0617 0.8105
vn -0.3046 0.0323 0.9519
vn -0.1555 0.0165 0.9877
vn -0.3062 0.0155 -0.9519
vn -0.1562 0.0079 -0.9877
vn -0.5852 0.0296 -0.8104
vn -0.8070 0.0408 -0.5892
vn -0.9496 0.0480 -0.3099
vn -0.9956 0.0503 -0.0786
vn -0.9956 0.0503 0.0786
vn -0.9496 0.0480 0.3099
vn -0.8070 0.0408 0.5892
vn -0.5852 0.0296 0.8104
vn -0.3062 0.0155 0.9519
vn -0.1562 0.0079 0.9877
vn -0.3052 -0.0048 -0.9523
vn -0.1563 -0.0025 -0.9877
vn -0.5848 -0.0093 -0.8111
vn -0.8073 -0.0128 -0.5900
vn -0.9505 -0.0151 -0.3104
vn -0.9968 -0.0158 -0.0787
vn -0.9968 -0.0158 0.0787
vn -0.9505 -0.0151 0.3104
vn -0.8073 -0.0128 0.5900
vn -0.5848 -0.0093 0.8111
vn -0.3052 -0.0048 0.9523
vn -0.1563 -0.0025 0.9877
vn -0.3014 -0.0344 -0.9529
vn -0.1552 -0.0177 -0.9877
vn -0.5796 -0.0662 -0.8122
vn -0.8013 -0.0916 -0.5912
vn -0.9442 -0.1079 -0.3112
vn -0.9904 -0.1132 -0.0788
vn -0.9904 -0.1132 0.0788
vn -0.9442 -0.1079 0.3112
vn -0.8013 -0.0916 0.5912
vn -0.5796 -0.0662 0.8122
vn -0.3014 -0.0344 0.9529
vn -0.1552 -0.0177 0.9877
vn -0.2950 -0.0697 -0.9530
vn -0.1520 -0.0359 -0.9877
vn -0.5676 -0.1340 -0.8123
vn -0.7849 -0.1853 -0.5913
vn -0.9249 -0.2184 -0.3113
vn -0.9702 -0.2291 -0.0788
vn -0.9702 -0.2291 0.0788
vn -0.9249 -0.2184 0.3113
vn -0.7849 -0.1853 0.5913
vn -0.5676 -0.1340 0.8123
vn -0.2950 -0.0697 0.9530
vn -0.1520 -0.0359 0.9877
vn -0.2841 -0.1051 -0.9530
vn -0.1464 -0.0542 -0.9877
vn -0.5468 -0.2023 -0.8125
vn -0.7562 -0.2798 -0.5915
vn -0.8912 -0.3297 -0.3114
vn -0.9349 -0.3459 -0.0789
vn -0.9349 -0.3459 0.0789
vn -0.8912 -0.3297 0.3114
vn -0.7562 -0.2798 0.5915
vn -0.5468 -0.2023 0.8125
vn -0.2841 -0.1051 0.9530
vn -0.1464 -0.0542 0.9877
vn -0.2683 -0.1400 -0.9531
vn -0.1384 -0.0722 -0.9877
vn -0.5167 -0.2697 -0.8126
vn -0.7147 -0.3730 -0.5916
vn -0.8424 -0.4397 -0.3115
vn -0.8838 -0.4613 -0.0789
vn -0.8838 -0.4613 0.0789
vn -0.8424 -0.4397 0.3115
vn -0.7147 -0.3730 0.5916
vn -0.5167 -0.2697 0.8126
vn -0.2683 -0.1400 0.9531
vn -0.1384 -0.0722 0.9877
vn -0.2476 -0.1737 -0.9532
vn -0.1278 -0.0896 -0.9877
vn -0.4770 -0.3345 -0.8127
vn -0.6600 -0.4628 -0.5917
vn -0.7780 -0.5456 -0.3116
vn -0.8162 -0.5724 -0.0789
vn -0.8162 -0.5724 0.0789
vn -0.7780 -0.5456 0.3116
vn -0.6600 -0.4628 0.5917
vn -0.4770 -0.3345 0.8127
vn -0.2476 -0.1737 0.9532
vn -0.1278 -0.0896 0.9877
vn -0.2221 -0.2051 -0.9532
vn -0.1147 -0.1059 -0.9877
vn -0.4280 -0.3951 -0.8128
vn -0.5922 -0.5468 -0.5919
vn -0.6982 -0.6446 -0.3116
vn -0.7324 -0.6762 -0.0789
vn -0.7324 -0.6762 0.0789
vn -0.6982 -0.6446 0.3116
vn -0.5922 -0.5468 0.5919
vn -0.4280 -0.3951 0.8128
vn -0.2221 -0.2051 0.9532
vn -0.1147 -0.1059 0.9877
vn -0.1920 -0.2333 -0.9533
vn -0.0992 -0.1205 -0.9877
vn -0.3701 -0.4497 -0.8129
vn -0.5121 -0.6223 -0.5919
vn -0.6038 -0.7337 -0.3117
vn -0.6334 -0.7698 -0.0789
vn -0.6334 -0.7698 0.0789
vn -0.6038 -0.7337 0.3117
vn -0.5121 -0.6223 0.5919
vn -0.3701 -0.4497 0.8129
vn -0.1920 -0.2333 0.9533
vn -0.0992 -0.1205 0.9877
vn -0.1579 -0.2575 -0.9533
vn -0.0816 -0.1331 -0.9877
vn -0.3043 -0.4965 -0.8130
vn -0.4212 -0.6871 -0.5920
vn -0.4966 -0.8101 -0.3117
vn -0.5210 -0.8499 -0.0789
vn -0.5210 -0.8499 0.0789
vn -0.4966 -0.8101 0.3117
vn -0.4212 -0.6871 0.5920
vn -0.3043 -0.4965 0.8130
vn -0.1579 -0.2575 0.9533
vn -0.0816 -0.1331 0.9877
vn -0.1205 -0.2770 -0.9533
vn -0.0623 -0.1431 -0.9877
vn -0.2323 -0.5340 -0.8130
vn -0.3215 -0.7390 -0.5920
vn -0.3791 -0.8713 -0.3117
vn -0.3977 -0.9141 -0.0789
vn -0.3977 -0.9141 0.0789
vn -0.3791 -0.8713 0.3117
vn -0.3215 -0.7390 0.5920
vn -0.2323 -0.5340 0.8130
vn -0.1205 -0.2770 0.9533
vn -0.0623 -0.1431 0.9877
vn -0.0810 -0.2911 -0.9533
vn -0.0418 -0.1504 -0.9877
vn -0.1561 -0.5611 -0.8129
vn -0.2160 -0.7765 -0.5920
vn -0.2547 -0.9154 -0.3117
vn -0.2672 -0.9604 -0.0789
vn -0.2672 -0.9604 0.0789
vn -0.2547 -0.9154 0.3117
vn -0.2160 -0.7765 0.5920
vn -0.1561 -0.5611 0.8129
vn -0.0810 -0.2911 0.9533
vn -0.0418 -0.1504 0.9877
vn -0.0404 -0.2996 -0.9532
vn -0.0209 -0.1547 -0.9877
vn -0.0779 -0.5772 -0.8128
vn -0.1078 -0.7988 -0.5919
vn -0.1271 -0.9417 -0.3116
vn -0.1333 -0.9879 -0.0789
vn -0.1333 -0.9879 0.0789
vn -0.1271 -0.9417 0.3116
vn -0.1078 -0.7988 0.5919
vn -0.0779 -0.5772 0.8128
vn -0.0404 -0.2996 0.9532
vn -0.0209 -0.1547 0.9877
vn -0.0042 -0.3039 -0.9527
vn -0.0022 -0.1562 -0.9877
vn -0.0081 -0.5838 -0.8119
vn -0.0112 -0.8068 -0.5908
vn -0.0132 -0.9503 -0.3109
vn -0.0138 -0.9968 -0.0788
vn -0.0138 -0.9968 0.0788
vn -0.0132 -0.9503 0.3109
vn -0.0112 -0.8068 0.5908
vn -0.0081 -0.5838 0.8119
vn -0.0042 -0.3039 0.9527
vn -0.0022 -0.1562 0.9877
vn 0.0241 -0.3042 -0.9523
vn 0.0123 -0.1558 -0.9877
vn 0.0462 -0.5830 -0.8112
vn 0.0637 -0.8049 -0.5900
vn 0.0750 -0.9476 -0.3104
vn 0.0787 -0.9938 -0.0787
vn 0.0787 -0.9938 0.0787
vn 0.0750 -0.9476 0.3104
vn 0.0637 -0.8049 0.5900
vn 0.0462 -0.5830 0.8112
vn 0.0241 -0.3042 0.9523
vn 0.0123 -0.1558 0.9877
vn 0.0493 -0.3009 -0.9524
vn 0.0252 -0.1542 -0.9877
vn 0.0944 -0.5770 -0.8113
vn 0.1304 -0.7967 -0.5902
vn 0.1535 -0.9381 -0.3105
vn 0.1610 -0.9838 -0.0787
vn 0.1610 -0.9838 0.0787
vn 0.1535 -0.9381 0.3105
vn 0.1304 -0.7967 0.5902
vn 0.0944 -0.5770 0.8113
vn 0.0493 -0.3009 0.9524
vn 0.0252 -0.1542 0.9877
vn 0.0751 -0.2954 -0.9524
vn 0.0385 -0.1515 -0.9877
vn 0.1440 -0.5665 -0.8114
vn 0.1989 -0.7823 -0.5902
vn 0.2342 -0.9212 -0.3106
vn 0.2456 -0.9662 -0.0787
vn 0.2456 -0.9662 0.0787
vn 0.2342 -0.9212 0.3106
vn 0.1989 -0.7823 0.5902
vn 0.1440 -0.5665 0.8114
vn 0.0751 -0.2954 0.9524
vn 0.0385 -0.1515 0.9877
vn 0.1008 -0.2876 -0.9524
vn 0.0517 -0.1475 -0.9877
vn 0.1934 -0.5516 -0.8114
vn 0.2670 -0.7618 -0.5902
vn 0.3144 -0.8970 -0.3106
vn 0.3298 -0.9408 -0.0787
vn 0.3298 -0.9408 0.0787
vn 0.3144 -0.8970 0.3106
vn 0.2670 -0.7618 0.5902
vn 0.1934 -0.5516 0.8114
vn 0.1008 -0.2876 0.9524
vn 0.0517 -0.1475 0.9877
vn 0.1256 -0.2778 -0.9524
vn 0.0644 -0.1424 -0.9877
vn 0.2408 -0.5327 -0.8113
vn 0.3325 -0.7356 -0.5902
vn 0.3915 -0.8662 -0.3105
vn 0.4106 -0.9084 -0.0787
vn 0.4106 -0.9084 0.0787
vn 0.3915 -0.8662 0.3105
vn 0.3325 -0.7356 0.5902
vn 0.2408 -0.5327 0.8113
vn 0.1256 -0.2778 0.9524
vn 0.0644 -0.1424 0.9877
vn 0.1487 -0.2663 -0.9523
vn 0.0762 -0.1365 -0.9877
vn 0.2851 -0.5106 -0.8112
vn 0.3936 -0.7049 -0.5901
vn 0.4634 -0.8300 -0.3105
vn 0.4860 -0.8704 -0.0787
vn 0.4860 -0.8704 0.0787
vn 0.4634 -0.8300 0.3105
vn 0.3936 -0.7049 0.5901
vn 0.2851 -0.5106 0.8112
vn 0.1487 -0.2663 0.9523
vn 0.0762 -0.1365 0.9877
vn 0.1698 -0.2537 -0.9523
vn 0.0869 -0.1299 -0.9877
vn 0.3253 -0.4862 -0.8111
vn 0.4490 -0.6711 -0.5899
vn 0.5286 -0.7901 -0.3104
vn 0.5544 -0.8285 -0.0787
vn 0.5544 -0.8285 0.0787
vn 0.5286 -0.7901 0.3104
vn 0.4490 -0.6711 0.5899
vn 0.3253 -0.4862 0.8111
vn 0.1698 -0.2537 0.9523
vn 0.0869 -0.1299 0.9877
vn 0.1885 -0.2405 -0.9522
vn 0.0964 -0.1231 -0.9877
vn 0.3610 -0.4606 -0.8109
vn 0.4981 -0.6357 -0.5897
vn 0.5864 -0.7483 -0.3103
vn 0.6149 -0.7847 -0.0786
vn 0.6149 -0.7847 0.0786
vn 0.5864 -0.7483 0.3103
vn 0.4981 -0.6357 0.5897
vn 0.3610 -0.4606 0.8109
vn 0.1885 -0.2405 0.9522
vn 0.0964 -0.1231 0.9877
vn 0.2048 -0.2272 -0.9521
vn 0.1047 -0.1161 -0.9877
vn 0.3920 -0.4348 -0.8107
vn 0.5409 -0.5999 -0.5895
vn 0.6366 -0.7061 -0.3101
vn 0.6676 -0.7404 -0.0786
vn 0.6676 -0.7404 0.0786
vn 0.6366 -0.7061 0.3101
vn 0.5409 -0.5999 0.5895
vn 0.3920 -0.4348 0.8107
vn 0.2048 -0.2272 0.9521
vn 0.1047 -0.1161 0.9877
vn 0.2189 -0.2141 -0.9520
vn 0.1118 -0.1093 -0.9877
vn 0.4187 -0.4095 -0.8105
vn 0.5776 -0.5648 -0.5894
vn 0.6797 -0.6647 -0.3100
vn 0.7127 -0.6970 -0.0786
vn 0.7127 -0.6970 0.0786
vn 0.6797 -0.6647 0.3100
vn 0.5776 -0.5648 0.5894
vn 0.4187 -0.4095 0.8105
vn 0.2189 -0.2141 0.9520
vn 0.1118 -0.1093 0.9877
vn 0.2309 -0.2015 -0.9519
vn 0.1178 -0.1028 -0.9877
vn 0.4414 -0.3852 -0.8104
vn 0.6088 -0.5313 -0.5892
vn 0.7164 -0.6251 -0.3099
vn 0.7511 -0.6555 -0.0786
vn 0.7511 -0.6555 0.0786
vn 0.7164 -0.6251 0.3099
vn 0.6088 -0.5313 0.5892
vn 0.4414 -0.3852 0.8104
vn 0.2309 -0.2015 0.9519
vn 0.1178 -0.1028 0.9877
vn -0.0528 -0.1467 -0.9878
vn -0.0181 -0.0504 -0.9986
vn -0.1011 -0.2811 -0.9543
vn -0.1720 -0.4780 -0.8613
vn -0.2759 -0.7671 -0.5792
vn -0.3321 -0.9232 -0.1937
vn -0.3321 -0.9232 0.1937
vn -0.2759 -0.7671 0.5792
vn -0.1720 -0.4780 0.8613
vn -0.1011 -0.2811 0.9543
vn -0.0528 -0.1467 0.9878
vn -0.0181 -0.0504 0.9986
vn -0.2858 0.1407 -0.9479
vn -0.1262 0.0621 -0.9901
vn -0.5177 0.2548 -0.8168
vn -0.7138 0.3514 -0.6058
vn -0.8487 0.4178 -0.3244
vn -0.8939 0.4400 -0.0852
vn -0.8939 0.4400 0.0852
vn -0.8487 0.4178 0.3244
vn -0.7138 0.3514 0.6058
vn -0.5177 0.2548 0.8168
vn -0.2858 0.1407 0.9479
vn -0.1262 0.0621 0.9901
vn -0.1845 0.2501 -0.9505
vn -0.0929 0.1258 -0.9877
vn -0.3498 0.4739 -0.8081
vn -0.4808 0.6515 -0.5869
vn -0.5648 0.7654 -0.3085
vn -0.5920 0.8021 -0.0784
vn -0.5920 0.8021 0.0784
vn -0.5648 0.7654 0.3085
vn -0.4808 0.6515 0.5869
vn -0.3498 0.4739 0.8081
vn -0.1845 0.2501 0.9505
vn -0.0929 0.1258 0.9877
vn -0.1739 0.2578 -0.9504
vn -0.0875 0.1297 -0.9877
vn -0.3294 0.4884 -0.8080
vn -0.4528 0.6713 -0.5868
vn -0.5319 0.7886 -0.3084
vn -0.5575 0.8265 -0.0784
vn -0.5575 0.8265 0.0784
vn -0.5319 0.7886 0.3084
vn -0.4528 0.6713 0.5868
vn -0.3294 0.4884 0.8080
vn -0.1739 0.2578 0.9504
vn -0.0875 0.1297 0.9877
vn -0.1618 0.2657 -0.9504
vn -0.0814 0.1336 -0.9877
vn -0.3065 0.5032 -0.8080
vn -0.4212 0.6916 -0.5868
vn -0.4948 0.8124 -0.3084
vn -0.5186 0.8514 -0.0784
vn -0.5186 0.8514 0.0784
vn -0.4948 0.8124 0.3084
vn -0.4212 0.6916 0.5868
vn -0.3065 0.5032 0.8080
vn -0.1618 0.2657 0.9504
vn -0.0814 0.1336 0.9877
vn -0.1484 0.2736 -0.9503
vn -0.0745 0.1375 -0.9877
vn -0.2809 0.5181 -0.8079
vn -0.3860 0.7119 -0.5867
vn -0.4534 0.8363 -0.3083
vn -0.4751 0.8764 -0.0784
vn -0.4751 0.8764 0.0784
vn -0.4534 0.8363 0.3083
vn -0.3860 0.7119 0.5867
vn -0.2809 0.5181 0.8079
vn -0.1484 0.2736 0.9503
vn -0.0745 0.1375 0.9877
vn -0.1334 0.2814 -0.9503
vn -0.0670 0.1413 -0.9877
vn -0.2525 0.5326 -0.8078
vn -0.3469 0.7318 -0.5866
vn -0.4075 0.8596 -0.3083
vn -0.4270 0.9008 -0.0784
vn -0.4270 0.9008 0.0784
vn -0.4075 0.8596 0.3083
vn -0.3469 0.7318 0.5866
vn -0.2525 0.5326 0.8078
vn -0.1334 0.2814 0.9503
vn -0.0670 0.1413 0.9877
vn -0.1170 0.2888 -0.9502
vn -0.0587 0.1449 -0.9877
vn -0.2214 0.5464 -0.8077
vn -0.3042 0.7506 -0.5865
vn -0.3572 0.8817 -0.3083
vn -0.3744 0.9240 -0.0784
vn -0.3744 0.9240 0.0784
vn -0.3572 0.8817 0.3083
vn -0.3042 0.7506 0.5865
vn -0.2214 0.5464 0.8077
vn -0.1170 0.2888 0.9502
vn -0.0587 0.1449 0.9877
vn -0.0993 0.2954 -0.9502
vn -0.0498 0.1482 -0.9877
vn -0.1878 0.5589 -0.8077
vn -0.2580 0.7678 -0.5865
vn -0.3030 0.9018 -0.3082
vn -0.3175 0.9450 -0.0784
vn -0.3175 0.9450 0.0784
vn -0.3030 0.9018 0.3082
vn -0.2580 0.7678 0.5865
vn -0.1878 0.5589 0.8077
vn -0.0993 0.2954 0.9502
vn -0.0498 0.1482 0.9877
vn -0.0804 0.3012 -0.9502
vn -0.0403 0.1511 -0.9877
vn -0.1521 0.5697 -0.8076
vn -0.2089 0.7826 -0.5865
vn -0.2454 0.9191 -0.3082
vn -0.2572 0.9632 -0.0784
vn -0.2572 0.9632 0.0784
vn -0.2454 0.9191 0.3082
vn -0.2089 0.7826 0.5865
vn -0.1521 0.5697 0.8076
vn -0.0804 0.3012 0.9502
vn -0.0403 0.1511 0.9877
vn -0.0607 0.3059 -0.9501
vn -0.0304 0.1534 -0.9877
vn -0.1148 0.5784 -0.8076
vn -0.1577 0.7945 -0.5864
vn -0.1852 0.9331 -0.3082
vn -0.1941 0.9778 -0.0784
vn -0.1941 0.9778 0.0784
vn -0.1852 0.9331 0.3082
vn -0.1577 0.7945 0.5864
vn -0.1148 0.5784 0.8076
vn -0.0607 0.3059 0.9501
vn -0.0304 0.1534 0.9877
vn -0.0405 0.3092 -0.9501
vn -0.0203 0.1550 -0.9877
vn -0.0766 0.5847 -0.8076
vn -0.1052 0.8031 -0.5864
vn -0.1235 0.9433 -0.3082
vn -0.1295 0.9885 -0.0784
vn -0.1295 0.9885 0.0784
vn -0.1235 0.9433 0.3082
vn -0.1052 0.8031 0.5864
vn -0.0766 0.5847 0.8076
vn -0.0405 0.3092 0.9501
vn -0.0203 0.1550 0.9877
vn -0.0202 0.3111 -0.9501
vn -0.0101 0.1560 -0.9877
vn -0.0381 0.5885 -0.8076
vn -0.0524 0.8083 -0.5864
vn -0.0615 0.9493 -0.3082
vn -0.0644 0.9948 -0.0784
vn -0.0644 0.9948 0.0784
vn -0.0615 0.9493 0.3082
vn -0.0524 0.8083 0.5864
vn -0.0381 0.5885 0.8076
vn -0.0202 0.3111 0.9501
vn -0.0101 0.1560 0.9877
vn 0.0043 0.3128 -0.9498
vn 0.0021 0.1563 -0.9877
vn 0.0081 0.5903 -0.8071
vn 0.0111 0.8102 -0.5860
vn 0.0131 0.9513 -0.3080
vn 0.0137 0.9968 -0.0784
vn 0.0137 0.9968 0.0784
vn 0.0131 0.9513 0.3080
vn 0.0111 0.8102 0.5860
vn 0.0081 0.5903 0.8071
vn 0.0043 0.3128 0.9498
vn 0.0021 0.1563 0.9877
vn 0.0381 0.3118 -0.9494
vn 0.0190 0.1550 -0.9877
vn 0.0718 0.5867 -0.8066
vn 0.0984 0.8046 -0.5856
vn 0.1155 0.9444 -0.3077
vn 0.1211 0.9895 -0.0784
vn 0.1211 0.9895 0.0784
vn 0.1155 0.9444 0.3077
vn 0.0984 0.8046 0.5856
vn 0.0718 0.5867 0.8066
vn 0.0381 0.3117 0.9494
vn 0.0190 0.1550 0.9877
vn 0.0775 0.3046 -0.9493
vn 0.0385 0.1513 -0.9877
vn 0.1457 0.5730 -0.8065
vn 0.1998 0.7857 -0.5855
vn 0.2345 0.9221 -0.3077
vn 0.2457 0.9662 -0.0784
vn 0.2457 0.9662 0.0784
vn 0.2345 0.9221 0.3077
vn 0.1998 0.7857 0.5855
vn 0.1457 0.5730 0.8065
vn 0.0774 0.3046 0.9493
vn 0.0385 0.1513 0.9877
vn 0.1171 0.2918 -0.9493
vn 0.0581 0.1449 -0.9877
vn 0.2202 0.5488 -0.8064
vn 0.3018 0.7524 -0.5854
vn 0.3543 0.8831 -0.3077
vn 0.3712 0.9252 -0.0784
vn 0.3712 0.9252 0.0784
vn 0.3543 0.8831 0.3077
vn 0.3018 0.7524 0.5854
vn 0.2202 0.5488 0.8064
vn 0.1171 0.2918 0.9493
vn 0.0581 0.1449 0.9877
vn 0.1558 0.2733 -0.9492
vn 0.0773 0.1356 -0.9877
vn 0.2929 0.5138 -0.8064
vn 0.4015 0.7044 -0.5854
vn 0.4712 0.8266 -0.3076
vn 0.4937 0.8661 -0.0784
vn 0.4937 0.8661 0.0784
vn 0.4712 0.8266 0.3076
vn 0.4015 0.7043 0.5854
vn 0.2929 0.5138 0.8064
vn 0.1558 0.2733 0.9492
vn 0.0773 0.1356 0.9877
vn 0.1922 0.2491 -0.9492
vn 0.0953 0.1236 -0.9877
vn 0.3613 0.4682 -0.8064
vn 0.4953 0.6419 -0.5854
vn 0.5812 0.7533 -0.3076
vn 0.6090 0.7893 -0.0784
vn 0.6090 0.7893 0.0784
vn 0.5812 0.7533 0.3076
vn 0.4953 0.6419 0.5854
vn 0.3613 0.4682 0.8064
vn 0.1922 0.2491 0.9492
vn 0.0953 0.1236 0.9877
vn 0.2251 0.2199 -0.9492
vn 0.1116 0.1091 -0.9877
vn 0.4231 0.4133 -0.8064
vn 0.5800 0.5665 -0.5854
vn 0.6806 0.6649 -0.3076
vn 0.7131 0.6966 -0.0784
vn 0.7131 0.6966 0.0784
vn 0.6806 0.6649 0.3076
vn 0.5800 0.5665 0.5854
vn 0.4231 0.4133 0.8064
vn 0.2251 0.2199 0.9492
vn 0.1116 0.1091 0.9877
vn 0.2533 0.1865 -0.9492
vn 0.1257 0.0925 -0.9877
vn 0.4762 0.3506 -0.8064
vn 0.6529 0.4807 -0.5854
vn 0.7662 0.5642 -0.3076
vn 0.8028 0.5911 -0.0784
vn 0.8028 0.5911 0.0784
vn 0.7662 0.5642 0.3076
vn 0.6529 0.4807 0.5854
vn 0.4762 0.3506 0.8064
vn 0.2533 0.1865 0.9492
vn 0.1257 0.0925 0.9877
vn 0.2762 0.1503 -0.9493
vn 0.1371 0.0746 -0.9877
vn 0.5194 0.2825 -0.8064
vn 0.7122 0.3874 -0.5854
vn 0.8358 0.4547 -0.3077
vn 0.8758 0.4764 -0.0784
vn 0.8758 0.4764 0.0784
vn 0.8358 0.4547 0.3077
vn 0.7122 0.3874 0.5854
vn 0.5194 0.2825 0.8064
vn 0.2762 0.1503 0.9493
vn 0.1371 0.0746 0.9877
vn 0.2935 0.1124 -0.9493
vn 0.1458 0.0558 -0.9877
vn 0.5521 0.2114 -0.8065
vn 0.7571 0.2898 -0.5855
vn 0.8886 0.3402 -0.3077
vn 0.9310 0.3564 -0.0784
vn 0.9310 0.3564 0.0784
vn 0.8886 0.3402 0.3077
vn 0.7571 0.2898 0.5855
vn 0.5521 0.2114 0.8065
vn 0.2935 0.1124 0.9493
vn 0.1458 0.0558 0.9877
vn 0.3052 0.0741 -0.9494
vn 0.1517 0.0368 -0.9877
vn 0.5744 0.1394 -0.8066
vn 0.7878 0.1911 -0.5856
vn 0.9247 0.2243 -0.3077
vn 0.9688 0.2351 -0.0784
vn 0.9688 0.2351 0.0784
vn 0.9246 0.2243 0.3077
vn 0.7878 0.1911 0.5856
vn 0.5744 0.1394 0.8066
vn 0.3052 0.0741 0.9494
vn 0.1517 0.0368 0.9877
vn 0.3118 0.0364 -0.9495
vn 0.1551 0.0181 -0.9877
vn 0.5870 0.0685 -0.8067
vn 0.8051 0.0940 -0.5856
vn 0.9450 0.1103 -0.3078
vn 0.9902 0.1156 -0.0784
vn 0.9902 0.1156 0.0784
vn 0.9450 0.1103 0.3078
vn 0.8051 0.0940 0.5856
vn 0.5870 0.0685 0.8067
vn 0.3118 0.0364 0.9495
vn 0.1551 0.0181 0.9877
vn 0.3133 0.0017 -0.9497
vn 0.1562 0.0008 -0.9877
vn 0.5906 0.0031 -0.8069
vn 0.8104 0.0043 -0.5858
vn 0.9514 0.0050 -0.3079
vn 0.9969 0.0053 -0.0784
vn 0.9969 0.0053 0.0784
vn 0.9514 0.0050 0.3079
vn 0.8104 0.0043 0.5858
vn 0.5906 0.0031 0.8069
vn 0.3133 0.0017 0.9497
vn 0.1562 0.0008 0.9877
vn 0.3116 -0.0295 -0.9497
vn 0.1556 -0.0147 -0.9877
vn 0.5879 -0.0556 -0.8071
vn 0.8068 -0.0763 -0.5859
vn 0.9472 -0.0896 -0.3079
vn 0.9925 -0.0939 -0.0784
vn 0.9925 -0.0939 0.0784
vn 0.9472 -0.0896 0.3079
vn 0.8068 -0.0763 0.5859
vn 0.5879 -0.0556 0.8071
vn 0.3116 -0.0295 0.9497
vn 0.1556 -0.0147 0.9877
vn 0.3074 -0.0594 -0.9497
vn 0.1534 -0.0297 -0.9877
vn 0.5798 -0.1121 -0.8070
vn 0.7956 -0.1538 -0.5859
vn 0.9341 -0.1806 -0.3079
vn 0.9788 -0.1892 -0.0784
vn 0.9788 -0.1892 0.0784
vn 0.9341 -0.1806 0.3079
vn 0.7956 -0.1538 0.5859
vn 0.5798 -0.1121 0.8070
vn 0.3074 -0.0594 0.9497
vn 0.1534 -0.0297 0.9877
vn 0.3002 -0.0881 -0.9498
vn 0.1499 -0.0440 -0.9877
vn 0.5665 -0.1663 -0.8071
vn 0.7775 -0.2283 -0.5860
vn 0.9129 -0.2680 -0.3080
vn 0.9565 -0.2808 -0.0784
vn 0.9565 -0.2808 0.0784
vn 0.9129 -0.2680 0.3080
vn 0.7775 -0.2283 0.5860
vn 0.5665 -0.1663 0.8071
vn 0.3002 -0.0881 0.9498
vn 0.1499 -0.0440 0.9877
vn 0.2910 -0.1139 -0.9499
vn 0.1455 -0.0570 -0.9877
vn 0.5495 -0.2152 -0.8073
vn 0.7544 -0.2954 -0.5861
vn 0.8859 -0.3469 -0.3080
vn 0.9283 -0.3635 -0.0784
vn 0.9283 -0.3635 0.0784
vn 0.8859 -0.3469 0.3080
vn 0.7544 -0.2954 0.5861
vn 0.5495 -0.2152 0.8073
vn 0.2910 -0.1139 0.9499
vn 0.1455 -0.0570 0.9877
vn 0.2809 -0.1359 -0.9501
vn 0.1407 -0.0681 -0.9877
vn 0.5310 -0.2568 -0.8075
vn 0.7293 -0.3527 -0.5863
vn 0.8564 -0.4142 -0.3081
vn 0.8975 -0.4340 -0.0784
vn 0.8975 -0.4340 0.0784
vn 0.8564 -0.4142 0.3081
vn 0.7293 -0.3527 0.5863
vn 0.5310 -0.2568 0.8075
vn 0.2809 -0.1359 0.9501
vn 0.1407 -0.0681 0.9877
vn 0.2710 -0.1536 -0.9502
vn 0.1360 -0.0771 -0.9877
vn 0.5129 -0.2907 -0.8077
vn 0.7046 -0.3994 -0.5866
vn 0.8276 -0.4691 -0.3083
vn 0.8673 -0.4916 -0.0784
vn 0.8673 -0.4916 0.0784
vn 0.8276 -0.4691 0.3083
vn 0.7046 -0.3994 0.5866
vn 0.5129 -0.2907 0.8077
vn 0.2710 -0.1536 0.9502
vn 0.1360 -0.0771 0.9877
vn 0.2621 -0.1676 -0.9504
vn 0.1318 -0.0843 -0.9877
vn 0.4964 -0.3174 -0.8080
vn 0.6822 -0.4363 -0.5868
vn 0.8014 -0.5125 -0.3084
vn 0.8399 -0.5371 -0.0784
vn 0.8399 -0.5371 0.0784
vn 0.8014 -0.5125 0.3084
vn 0.6822 -0.4363 0.5868
vn 0.4964 -0.3174 0.8080
vn 0.2621 -0.1676 0.9504
vn 0.1318 -0.0843 0.9877
vn 0.2544 -0.1782 -0.9505
vn 0.1281 -0.0897 -0.9877
vn 0.4823 -0.3379 -0.8082
vn 0.6631 -0.4645 -0.5870
vn 0.7791 -0.5458 -0.3085
vn 0.8165 -0.5720 -0.0784
vn 0.8165 -0.5720 0.0784
vn 0.7791 -0.5458 0.3085
vn 0.6631 -0.4645 0.5870
vn 0.4823 -0.3379 0.8082
vn 0.2544 -0.1782 0.9505
vn 0.1281 -0.0897 0.9877
vn 0.2482 -0.1862 -0.9507
vn 0.1251 -0.0939 -0.9877
vn 0.4709 -0.3533 -0.8084
vn 0.6475 -0.4858 -0.5872
vn 0.7609 -0.5708 -0.3086
vn 0.7975 -0.5982 -0.0784
vn 0.7975 -0.5982 0.0784
vn 0.7609 -0.5708 0.3086
vn 0.6475 -0.4858 0.5872
vn 0.4709 -0.3533 0.8084
vn 0.2482 -0.1862 0.9507
vn 0.1251 -0.0939 0.9877
vn 0.2433 -0.1920 -0.9508
vn 0.1228 -0.0969 -0.9877
vn 0.4620 -0.3645 -0.8085
vn 0.6354 -0.5013 -0.5873
vn 0.7467 -0.5891 -0.3087
vn 0.7827 -0.6175 -0.0784
vn 0.7827 -0.6175 0.0784
vn 0.7467 -0.5891 0.3087
vn 0.6354 -0.5013 0.5873
vn 0.4620 -0.3645 0.8085
vn 0.2433 -0.1920 0.9508
vn 0.1228 -0.0969 0.9877
vn 0.2397 -0.1961 -0.9508
vn 0.1211 -0.0990 -0.9877
vn 0.4553 -0.3725 -0.8087
vn 0.6264 -0.5124 -0.5875
vn 0.7362 -0.6022 -0.3088
vn 0.7716 -0.6312 -0.0784
vn 0.7716 -0.6312 0.0784
vn 0.7362 -0.6022 0.3088
vn 0.6264 -0.5124 0.5874
vn 0.4553 -0.3725 0.8087
vn 0.2397 -0.1961 0.9508
vn 0.1211 -0.0990 0.9877
vn 0.0795 0.0373 -0.9961
vn 0.0608 0.0285 -0.9977
vn 0.2175 0.1021 -0.9707
vn 0.4006 0.1881 -0.8967
vn 0.6756 0.3172 -0.6656
vn 0.8872 0.4165 -0.1985
vn 0.8872 0.4165 0.1985
vn 0.6756 0.3172 0.6656
vn 0.4006 0.1881 0.8967
vn 0.2175 0.1021 0.9707
vn 0.0795 0.0373 0.9961
vn 0.0608 0.0285 0.9977
vn 0.1980 0.1980 -0.9600
vn 0.0787 0.0787 -0.9938
vn 0.3610 0.3610 -0.8599
vn 0.5226 0.5226 -0.6736
vn 0.6543 0.6543 -0.3792
vn 0.7032 0.7032 -0.1049
vn 0.7032 0.7032 0.1049
vn 0.6543 0.6543 0.3792
vn 0.5226 0.5226 0.6736
vn 0.3610 0.3610 0.8599
vn 0.1980 0.1980 0.9600
vn 0.0787 0.0787 0.9938
vn 0.1980 -0.1980 -0.9600
vn 0.0787 -0.0787 -0.9938
vn 0.3610 -0.3610 -0.8599
vn 0.5226 -0.5226 -0.6736
vn 0.6543 -0.6543 -0.3792
vn 0.7032 -0.7032 -0.1049
vn 0.7032 -0.7032 0.1049
vn 0.6543 -0.6543 0.3792
vn 0.5226 -0.5226 0.6736
vn 0.3610 -0.3610 0.8599
vn 0.1980 -0.1980 0.9600
vn 0.0787 -0.0787 0.9938
vt 0.011364 0.000000
vt 0.000000 0.000000
vt 0.022727 0.000000
vt 0.568182 0.000000
vt 0.556818 0.000000
vt 0.545455 0.000000
vt 0.534091 0.000000
vt 0.522727 0.000000
vt 0.488636 0.000000
vt 0.477273 0.000000
vt 0.602273 0.000000
vt 0.613636 0.000000
vt 0.625000 0.000000
vt 0.511364 0.000000
vt 0.579545 0.000000
vt 0.500000 0.000000
vt 0.590909 0.000000
vt 0.681818 0.000000
vt 0.431818 0.000000
vt 0.693182 0.000000
vt 0.670455 0.000000
vt 0.443182 0.000000
vt 0.647727 0.000000
vt 0.454545 0.000000
vt 0.659091 0.000000
vt 0.409091 0.000000
vt 0.704545 0.000000
vt 0.420455 0.000000
vt 0.397727 0.000000
vt 0.715909 0.000000
vt 0.977273 0.000000
vt 0.965909 0.000000
vt 0.079545 0.000000
vt 0.090909 0.000000
vt 0.102273 0.000000
vt 0.034091 0.000000
vt 0.045455 0.000000
vt 0.056818 0.000000
vt 0.068182 0.000000
vt 0.465909 0.000000
vt 0.636364 0.000000
vt 0.272727 0.000000
vt 0.261364 0.000000
vt 0.863636 0.000000
vt 0.852273 0.000000
vt 0.284091 0.000000
vt 0.840909 0.000000
vt 0.295455 0.000000
vt 0.829545 0.000000
vt 0.147727 0.000000
vt 0.136364 0.000000
vt 0.931818 0.000000
vt 0.920455 0.000000
vt 0.159091 0.000000
vt 0.170455 0.000000
vt 0.909091 0.000000
vt 0.181818 0.000000
vt 0.193182 0.000000
vt 0.897727 0.000000
vt 0.204545 0.000000
vt 0.215909 0.000000
vt 0.886364 0.000000
vt 0.227273 0.000000
vt 0.875000 0.000000
vt 0.238636 0.000000
vt 0.250000 0.000000
vt 0.306818 0.000000
vt 0.818182 0.000000
vt 0.318182 0.000000
vt 0.806818 0.000000
vt 0.329545 0.000000
vt 0.795455 0.000000
vt 0.340909 0.000000
vt 0.784091 0.000000
vt 0.352273 0.000000
vt 0.772727 0.000000
vt 0.363636 0.000000
vt 0.761364 0.000000
vt 0.750000 0.000000
vt 0.375000 0.000000
vt 0.738636 0.000000
vt 1.000000 0.000000
vt 0.988636 0.000000
vt 0.954545 0.000000
vt 0.113636 0.000000
vt 0.943182 0.000000
vt 0.125000 0.000000
vt 0.386364 0.000000
vt 0.727273 0.000000
vt 0.000000 0.090909
vt 0.011236 0.090909
vt 0.011236 0.000000
vt 0.000000 0.181818
vt 0.011236 0.181818
vt 0.000000 0.272727
vt 0.011236 0.272727
vt 0.000000 0.363636
vt 0.011236 0.363636
vt 0.000000 0.454545
vt 0.011236 0.454545
vt 0.000000 0.545455
vt 0.011236 0.545455
vt 0.000000 0.636364
vt 0.011236 0.636364
vt 0.000000 0.727273
vt 0.011236 0.727273
vt 0.000000 0.818182
vt 0.011236 0.818182
vt 0.000000 0.909091
vt 0.011236 0.909091
vt 0.000000 1.000000
vt 0.011236 1.000000
vt 0.022472 0.090909
vt 0.022472 0.000000
vt 0.022472 0.181818
vt 0.022472 0.272727
vt 0.022472 0.363636
vt 0.022472 0.454545
vt 0.022472 0.545455
vt 0.022472 0.636364
vt 0.022472 0.727273
vt 0.022472 0.818182
vt 0.022472 0.909091
vt 0.022472 1.000000
vt 0.033708 0.090909
vt 0.033708 0.000000
vt 0.033708 0.181818
vt 0.033708 0.272727
vt 0.033708 0.363636
vt 0.033708 0.454545
vt 0.033708 0.545455
vt 0.033708 0.636364
vt 0.033708 0.727273
vt 0.033708 0.818182
vt 0.033708 0.909091
vt 0.033708 1.000000
vt 0.044944 0.090909
vt 0.044944 0.000000
vt 0.044944 0.181818
vt 0.044944 0.272727
vt 0.044944 0.363636
vt 0.044944 0.454545
vt 0.044944 0.545455
vt 0.044944 0.636364
vt 0.044944 0.727273
vt 0.044944 0.818182
vt 0.044944 0.909091
vt 0.044944 1.000000
vt 0.056180 0.090909
vt 0.056180 0.000000
vt 0.056180 0.181818
vt 0.056180 0.272727
vt 0.056180 0.363636
vt 0.056180 0.454545
vt 0.056180 0.545455
vt 0.056180 0.636364
vt 0.056180 0.727273
vt 0.056180 0.818182
vt 0.056180 0.909091
vt 0.056180 1.000000
vt 0.067416 0.090909
vt 0.067416 0.000000
vt 0.067416 0.181818
vt 0.067416 0.272727
vt 0.067416 0.363636
vt 0.067416 0.454545
vt 0.067416 0.545455
vt 0.067416 0.636364
vt 0.067416 0.727273
vt 0.067416 0.818182
vt 0.067416 0.909091
vt 0.067416 1.000000
vt 0.078652 0.090909
vt 0.078652 0.000000
vt 0.078652 0.181818
vt 0.078652 0.272727
vt 0.078652 0.363636
vt 0.078652 0.454545
vt 0.078652 0.545455
vt 0.078652 0.636364
vt 0.078652 0.727273
vt 0.078652 0.818182
vt 0.078652 0.909091
vt 0.078652 1.000000
vt 0.089888 0.090909
vt 0.089888 0.000000
vt 0.089888 0.181818
vt 0.089888 0.272727
vt 0.089888 0.363636
vt 0.089888 0.454545
vt 0.089888 0.545455
vt 0.089888 0.636364
vt 0.089888 0.727273
vt 0.089888 0.818182
vt 0.089888 0.909091
vt 0.089888 1.000000
vt 0.101124 0.090909
vt 0.101124 0.000000
vt 0.101124 0.181818
vt 0.101124 0.272727
vt 0.101124 0.363636
vt 0.101124 0.454545
vt 0.101124 0.545455
vt 0.101124 0.636364
vt 0.101124 0.727273
vt 0.101124 0.818182
vt 0.101124 0.909091
vt 0.101124 1.000000
vt 0.112360 0.090909
vt 0.112360 0.000000
vt 0.112360 0.181818
vt 0.112360 0.272727
vt 0.112360 0.363636
vt 0.112360 0.454545
vt 0.112360 0.545455
vt 0.112360 0.636364
vt 0.112360 0.727273
vt 0.112360 0.818182
vt 0.112360 0.909091
vt 0.112360 1.000000
vt 0.123596 0.090909
vt 0.123596 0.000000
vt 0.123596 0.181818
vt 0.123596 0.272727
vt 0.123596 0.363636
vt 0.123596 0.454545
vt 0.123596 0.545455
vt 0.123596 0.636364
vt 0.123596 0.727273
vt 0.123596 0.818182
vt 0.123596 0.909091
vt 0.123596 1.000000
vt 0.134831 0.090909
vt 0.134831 0.000000
vt 0.134831 0.181818
vt 0.134831 0.272727
vt 0.134831 0.363636
vt 0.134831 0.454545
vt 0.134831 0.545455
vt 0.134831 0.636364
vt 0.134831 0.727273
vt 0.134831 0.818182
vt 0.134831 0.909091
vt 0.134831 1.000000
vt 0.146067 0.090909
vt 0.146067 0.000000
vt 0.146067 0.181818
vt 0.146067 0.272727
vt 0.146067 0.363636
vt 0.146067 0.454545
vt 0.146067 0.545455
vt 0.146067 0.636364
vt 0.146067 0.727273
vt 0.146067 0.818182
vt 0.146067 0.909091
vt 0.146067 1.000000
vt 0.157303 0.090909
vt 0.157303 0.000000
vt 0.157303 0.181818
vt 0.157303 0.272727
vt 0.157303 0.363636
vt 0.157303 0.454545
vt 0.157303 0.545455
vt 0.157303 0.636364
vt 0.157303 0.727273
vt 0.157303 0.818182
vt 0.157303 0.909091
vt 0.157303 1.000000
vt 0.168539 0.090909
vt 0.168539 0.000000
vt 0.168539 0.181818
vt 0.168539 0.272727
vt 0.168539 0.363636
vt 0.168539 0.454545
vt 0.168539 0.545455
vt 0.168539 0.636364
vt 0.168539 0.727273
vt 0.168539 0.818182
vt 0.168539 0.909091
vt 0.168539 1.000000
vt 0.179775 0.090909
vt 0.179775 0.000000
vt 0.179775 0.181818
vt 0.179775 0.272727
vt 0.179775 0.363636
vt 0.179775 0.454545
vt 0.179775 0.545455
vt 0.179775 0.636364
vt 0.179775 0.727273
vt 0.179775 0.818182
vt 0.179775 0.909091
vt 0.179775 1.000000
vt 0.191011 0.090909
vt 0.191011 0.000000
vt 0.191011 0.181818
vt 0.191011 0.272727
vt 0.191011 0.363636
vt 0.191011 0.454545
vt 0.191011 0.545455
vt 0.191011 0.636364
vt 0.191011 0.727273
vt 0.191011 0.818182
vt 0.191011 0.909091
vt 0.191011 1.000000
vt 0.202247 0.090909
vt 0.202247 0.000000
vt 0.202247 0.181818
vt 0.202247 0.272727
vt 0.202247 0.363636
vt 0.202247 0.454545
vt 0.202247 0.545455
vt 0.202247 0.636364
vt 0.202247 0.727273
vt 0.202247 0.818182
vt 0.202247 0.909091
vt 0.202247 1.000000
vt 0.213483 0.090909
vt 0.213483 0.000000
vt 0.213483 0.181818
vt 0.213483 0.272727
vt 0.213483 0.363636
vt 0.213483 0.454545
vt 0.213483 0.545455
vt 0.213483 0.636364
vt 0.213483 0.727273
vt 0.213483 0.818182
vt 0.213483 0.909091
vt 0.213483 1.000000
vt 0.224719 0.090909
vt 0.224719 0.000000
vt 0.224719 0.181818
vt 0.224719 0.272727
vt 0.224719 0.363636
vt 0.224719 0.454545
vt 0.224719 0.545455
vt 0.224719 0.636364
vt 0.224719 0.727273
vt 0.224719 0.818182
vt 0.224719 0.909091
vt 0.224719 1.000000
vt 0.235955 0.090909
vt 0.235955 0.000000
vt 0.235955 0.181818
vt 0.235955 0.272727
vt 0.235955 0.363636
vt 0.235955 0.454545
vt 0.235955 0.545455
vt 0.235955 0.636364
vt 0.235955 0.727273
vt 0.235955 0.818182
vt 0.235955 0.909091
vt 0.235955 1.000000
vt 0.247191 0.090909
vt 0.247191 0.000000
vt 0.247191 0.181818
vt 0.247191 0.272727
vt 0.247191 0.363636
vt 0.247191 0.454545
vt 0.247191 0.545455
vt 0.247191 0.636364
vt 0.247191 0.727273
vt 0.247191 0.818182
vt 0.247191 0.909091
vt 0.247191 1.000000
vt 0.258427 0.090909
vt 0.258427 0.000000
vt 0.258427 0.181818
vt 0.258427 0.272727
vt 0.258427 0.363636
vt 0.258427 0.454545
vt 0.258427 0.545455
vt 0.258427 0.636364
vt 0.258427 0.727273
vt 0.258427 0.818182
vt 0.258427 0.909091
vt 0.258427 1.000000
vt 0.269663 0.090909
vt 0.269663 0.000000
vt 0.269663 0.181818
vt 0.269663 0.272727
vt 0.269663 0.363636
vt 0.269663 0.454545
vt 0.269663 0.545455
vt 0.269663 0.636364
vt 0.269663 0.727273
vt 0.269663 0.818182
vt 0.269663 0.909091
vt 0.269663 1.000000
vt 0.280899 0.090909
vt 0.280899 0.000000
vt 0.280899 0.181818
vt 0.280899 0.272727
vt 0.280899 0.363636
vt 0.280899 0.454545
vt 0.280899 0.545455
vt 0.280899 0.636364
vt 0.280899 0.727273
vt 0.280899 0.818182
vt 0.280899 0.909091
vt 0.280899 1.000000
vt 0.292135 0.090909
vt 0.292135 0.000000
vt 0.292135 0.181818
vt 0.292135 0.272727
vt 0.292135 0.363636
vt 0.292135 0.454545
vt 0.292135 0.545455
vt 0.292135 0.636364
vt 0.292135 0.727273
vt 0.292135 0.818182
vt 0.292135 0.909091
vt 0.292135 1.000000
vt 0.303371 0.090909
vt 0.303371 0.000000
vt 0.303371 0.181818
vt 0.303371 0.272727
vt 0.303371 0.363636
vt 0.303371 0.454545
vt 0.303371 0.545455
vt 0.303371 0.636364
vt 0.303371 0.727273
vt 0.303371 0.818182
vt 0.303371 0.909091
vt 0.303371 1.000000
vt 0.314607 0.090909
vt 0.314607 0.000000
vt 0.314607 0.181818
vt 0.314607 0.272727
vt 0.314607 0.363636
vt 0.314607 0.454545
vt 0.314607 0.545455
vt 0.314607 0.636364
vt 0.314607 0.727273
vt 0.314607 0.818182
vt 0.314607 0.909091
vt 0.314607 1.000000
vt 0.325843 0.090909
vt 0.325843 0.000000
vt 0.325843 0.181818
vt 0.325843 0.272727
vt 0.325843 0.363636
vt 0.325843 0.454545
vt 0.325843 0.545455
vt 0.325843 0.636364
vt 0.325843 0.727273
vt 0.325843 0.818182
vt 0.325843 0.909091
vt 0.325843 1.000000
vt 0.337079 0.090909
vt 0.337079 0.000000
vt 0.337079 0.181818
vt 0.337079 0.272727
vt 0.337079 0.363636
vt 0.337079 0.454545
vt 0.337079 0.545455
vt 0.337079 0.636364
vt 0.337079 0.727273
vt 0.337079 0.818182
vt 0.337079 0.909091
vt 0.337079 1.000000
vt 0.348315 0.090909
vt 0.348315 0.000000
vt 0.348315 0.181818
vt 0.348315 0.272727
vt 0.348315 0.363636
vt 0.348315 0.454545
vt 0.348315 0.545455
vt 0.348315 0.636364
vt 0.348315 0.727273
vt 0.348315 0.818182
vt 0.348315 0.909091
vt 0.348315 1.000000
vt 0.359551 0.090909
vt 0.359551 0.000000
vt 0.359551 0.181818
vt 0.359551 0.272727
vt 0.359551 0.363636
vt 0.359551 0.454545
vt 0.359551 0.545455
vt 0.359551 0.636364
vt 0.359551 0.727273
vt 0.359551 0.818182
vt 0.359551 0.909091
vt 0.359551 1.000000
vt 0.370787 0.090909
vt 0.370787 0.000000
vt 0.370787 0.181818
vt 0.370787 0.272727
vt 0.370787 0.363636
vt 0.370787 0.454545
vt 0.370787 0.545455
vt 0.370787 0.636364
vt 0.370787 0.727273
vt 0.370787 0.818182
vt 0.370787 0.909091
vt 0.370787 1.000000
vt 0.382022 0.090909
vt 0.382022 0.000000
vt 0.382022 0.181818
vt 0.382022 0.272727
vt 0.382022 0.363636
vt 0.382022 0.454545
vt 0.382022 0.545455
vt 0.382022 0.636364
vt 0.382022 0.727273
vt 0.382022 0.818182
vt 0.382022 0.909091
vt 0.382022 1.000000
vt 0.393258 0.090909
vt 0.393258 0.000000
vt 0.393258 0.181818
vt 0.393258 0.272727
vt 0.393258 0.363636
vt 0.393258 0.454545
vt 0.393258 0.545455
vt 0.393258 0.636364
vt 0.393258 0.727273
vt 0.393258 0.818182
vt 0.393258 0.909091
vt 0.393258 1.000000
vt 0.404494 0.090909
vt 0.404494 0.000000
vt 0.404494 0.181818
vt 0.404494 0.272727
vt 0.404494 0.363636
vt 0.404494 0.454545
vt 0.404494 0.545455
vt 0.404494 0.636364
vt 0.404494 0.727273
vt 0.404494 0.818182
vt 0.404494 0.909091
vt 0.404494 1.000000
vt 0.415730 0.090909
vt 0.415730 0.000000
vt 0.415730 0.181818
vt 0.415730 0.272727
vt 0.415730 0.363636
vt 0.415730 0.454545
vt 0.415730 0.545455
vt 0.415730 0.636364
vt 0.415730 0.727273
vt 0.415730 0.818182
vt 0.415730 0.909091
vt 0.415730 1.000000
vt 0.426966 0.090909
vt 0.426966 0.000000
vt 0.426966 0.181818
vt 0.426966 0.272727
vt 0.426966 0.363636
vt 0.426966 0.454545
vt 0.426966 0.545455
vt 0.426966 0.636364
vt 0.426966 0.727273
vt 0.426966 0.818182
vt 0.426966 0.909091
vt 0.426966 1.000000
vt 0.438202 0.090909
vt 0.438202 0.000000
vt 0.438202 0.181818
vt 0.438202 0.272727
vt 0.438202 0.363636
vt 0.438202 0.454545
vt 0.438202 0.545455
vt 0.438202 0.636364
vt 0.438202 0.727273
vt 0.438202 0.818182
vt 0.438202 0.909091
vt 0.438202 1.000000
vt 0.449438 0.090909
vt 0.449438 0.000000
vt 0.449438 0.181818
vt 0.449438 0.272727
vt 0.449438 0.363636
vt 0.449438 0.454545
vt 0.449438 0.545455
vt 0.449438 0.636364
vt 0.449438 0.727273
vt 0.449438 0.818182
vt 0.449438 0.909091
vt 0.449438 1.000000
vt 0.460674 0.090909
vt 0.460674 0.000000
vt 0.460674 0.181818
vt 0.460674 0.272727
vt 0.460674 0.363636
vt 0.460674 0.454545
vt 0.460674 0.545455
vt 0.460674 0.636364
vt 0.460674 0.727273
vt 0.460674 0.818182
vt 0.460674 0.909091
vt 0.460674 1.000000
vt 0.471910 0.090909
vt 0.471910 0.000000
vt 0.471910 0.181818
vt 0.471910 0.272727
vt 0.471910 0.363636
vt 0.471910 0.454545
vt 0.471910 0.545455
vt 0.471910 0.636364
vt 0.471910 0.727273
vt 0.471910 0.818182
vt 0.471910 0.909091
vt 0.471910 1.000000
vt 0.483146 0.090909
vt 0.483146 0.000000
vt 0.483146 0.181818
vt 0.483146 0.272727
vt 0.483146 0.363636
vt 0.483146 0.454545
vt 0.483146 0.545455
vt 0.483146 0.636364
vt 0.483146 0.727273
vt 0.483146 0.818182
vt 0.483146 0.909091
vt 0.483146 1.000000
vt 0.494382 0.090909
vt 0.494382 0.000000
vt 0.494382 0.181818
vt 0.494382 0.272727
vt 0.494382 0.363636
vt 0.494382 0.454545
vt 0.494382 0.545455
vt 0.494382 0.636364
vt 0.494382 0.727273
vt 0.494382 0.818182
vt 0.494382 0.909091
vt 0.494382 1.000000
vt 0.505618 0.090909
vt 0.505618 0.000000
vt 0.505618 0.181818
vt 0.505618 0.272727
vt 0.505618 0.363636
vt 0.505618 0.454545
vt 0.505618 0.545455
vt 0.505618 0.636364
vt 0.505618 0.727273
vt 0.505618 0.818182
vt 0.505618 0.909091
vt 0.505618 1.000000
vt 0.516854 0.090909
vt 0.516854 0.000000
vt 0.516854 0.181818
vt 0.516854 0.272727
vt 0.516854 0.363636
vt 0.516854 0.454545
vt 0.516854 0.545455
vt 0.516854 0.636364
vt 0.516854 0.727273
vt 0.516854 0.818182
vt 0.516854 0.909091
vt 0.516854 1.000000
vt 0.528090 0.090909
vt 0.528090 0.000000
vt 0.528090 0.181818
vt 0.528090 0.272727
vt 0.528090 0.363636
vt 0.528090 0.454545
vt 0.528090 0.545455
vt 0.528090 0.636364
vt 0.528090 0.727273
vt 0.528090 0.818182
vt 0.528090 0.909091
vt 0.528090 1.000000
vt 0.539326 0.090909
vt 0.539326 0.000000
vt 0.539326 0.181818
vt 0.539326 0.272727
vt 0.539326 0.363636
vt 0.539326 0.454545
vt 0.539326 0.545455
vt 0.539326 0.636364
vt 0.539326 0.727273
vt 0.539326 0.818182
vt 0.539326 0.909091
vt 0.539326 1.000000
vt 0.550562 0.090909
vt 0.550562 0.000000
vt 0.550562 0.181818
vt 0.550562 0.272727
vt 0.550562 0.363636
vt 0.550562 0.454545
vt 0.550562 0.545455
vt 0.550562 0.636364
vt 0.550562 0.727273
vt 0.550562 0.818182
vt 0.550562 0.909091
vt 0.550562 1.000000
vt 0.561798 0.090909
vt 0.561798 0.000000
vt 0.561798 0.181818
vt 0.561798 0.272727
vt 0.561798 0.363636
vt 0.561798 0.454545
vt 0.561798 0.545455
vt 0.561798 0.636364
vt 0.561798 0.727273
vt 0.561798 0.818182
vt 0.561798 0.909091
vt 0.561798 1.000000
vt 0.573034 0.090909
vt 0.573034 0.000000
vt 0.573034 0.181818
vt 0.573034 0.272727
vt 0.573034 0.363636
vt 0.573034 0.454545
vt 0.573034 0.545455
vt 0.573034 0.636364
vt 0.573034 0.727273
vt 0.573034 0.818182
vt 0.573034 0.909091
vt 0.573034 1.000000
vt 0.584270 0.090909
vt 0.584270 0.000000
vt 0.584270 0.181818
vt 0.584270 0.272727
vt 0.584270 0.363636
vt 0.584270 0.454545
vt 0.584270 0.545455
vt 0.584270 0.636364
vt 0.584270 0.727273
vt 0.584270 0.818182
vt 0.584270 0.909091
vt 0.584270 1.000000
vt 0.595506 0.090909
vt 0.595506 0.000000
vt 0.595506 0.181818
vt 0.595506 0.272727
vt 0.595506 0.363636
vt 0.595506 0.454545
vt 0.595506 0.545455
vt 0.595506 0.636364
vt 0.595506 0.727273
vt 0.595506 0.818182
vt 0.595506 0.909091
vt 0.595506 1.000000
vt 0.606742 0.090909
vt 0.606742 0.000000
vt 0.606742 0.181818
vt 0.606742 0.272727
vt 0.606742 0.363636
vt 0.606742 0.454545
vt 0.606742 0.545455
vt 0.606742 0.636364
vt 0.606742 0.727273
vt 0.606742 0.818182
vt 0.606742 0.909091
vt 0.606742 1.000000
vt 0.617977 0.090909
vt 0.617977 0.000000
vt 0.617977 0.181818
vt 0.617977 0.272727
vt 0.617977 0.363636
vt 0.617977 0.454545
vt 0.617977 0.545455
vt 0.617977 0.636364
vt 0.617977 0.727273
vt 0.617977 0.818182
vt 0.617977 0.909091
vt 0.617977 1.000000
vt 0.629214 0.090909
vt 0.629214 0.000000
vt 0.629214 0.181818
vt 0.629214 0.272727
vt 0.629214 0.363636
vt 0.629214 0.454545
vt 0.629214 0.545455
vt 0.629214 0.636364
vt 0.629214 0.727273
vt 0.629214 0.818182
vt 0.629214 0.909091
vt 0.629214 1.000000
vt 0.640449 0.090909
vt 0.640449 0.000000
vt 0.640449 0.181818
vt 0.640449 0.272727
vt 0.640449 0.363636
vt 0.640449 0.454545
vt 0.640449 0.545455
vt 0.640449 0.636364
vt 0.640449 0.727273
vt 0.640449 0.818182
vt 0.640449 0.909091
vt 0.640449 1.000000
vt 0.651685 0.090909
vt 0.651685 0.000000
vt 0.651685 0.181818
vt 0.651685 0.272727
vt 0.651685 0.363636
vt 0.651685 0.454545
vt 0.651685 0.545455
vt 0.651685 0.636364
vt 0.651685 0.727273
vt 0.651685 0.818182
vt 0.651685 0.909091
vt 0.651685 1.000000
vt 0.662921 0.090909
vt 0.662921 0.000000
vt 0.662921 0.181818
vt 0.662921 0.272727
vt 0.662921 0.363636
vt 0.662921 0.454545
vt 0.662921 0.545455
vt 0.662921 0.636364
vt 0.662921 0.727273
vt 0.662921 0.818182
vt 0.662921 0.909091
vt 0.662921 1.000000
vt 0.674157 0.090909
vt 0.674157 0.000000
vt 0.674157 0.181818
vt 0.674157 0.272727
vt 0.674157 0.363636
vt 0.674157 0.454545
vt 0.674157 0.545455
vt 0.674157 0.636364
vt 0.674157 0.727273
vt 0.674157 0.818182
vt 0.674157 0.909091
vt 0.674157 1.000000
vt 0.685393 0.090909
vt 0.685393 0.000000
vt 0.685393 0.181818
vt 0.685393 0.272727
vt 0.685393 0.363636
vt 0.685393 0.454545
vt 0.685393 0.545455
vt 0.685393 0.636364
vt 0.685393 0.727273
vt 0.685393 0.818182
vt 0.685393 0.909091
vt 0.685393 1.000000
vt 0.696629 0.090909
vt 0.696629 0.000000
vt 0.696629 0.181818
vt 0.696629 0.272727
vt 0.696629 0.363636
vt 0.696629 0.454545
vt 0.696629 0.545455
vt 0.696629 0.636364
vt 0.696629 0.727273
vt 0.696629 0.818182
vt 0.696629 0.909091
vt 0.696629 1.000000
vt 0.707865 0.090909
vt 0.707865 0.000000
vt 0.707865 0.181818
vt 0.707865 0.272727
vt 0.707865 0.363636
vt 0.707865 0.454545
vt 0.707865 0.545455
vt 0.707865 0.636364
vt 0.707865 0.727273
vt 0.707865 0.818182
vt 0.707865 0.909091
vt 0.707865 1.000000
vt 0.719101 0.090909
vt 0.719101 0.000000
vt 0.719101 0.181818
vt 0.719101 0.272727
vt 0.719101 0.363636
vt 0.719101 0.454545
vt 0.719101 0.545455
vt 0.719101 0.636364
vt 0.719101 0.727273
vt 0.719101 0.818182
vt 0.719101 0.909091
vt 0.719101 1.000000
vt 0.730337 0.090909
vt 0.730337 0.000000
vt 0.730337 0.181818
vt 0.730337 0.272727
vt 0.730337 0.363636
vt 0.730337 0.454545
vt 0.730337 0.545455
vt 0.730337 0.636364
vt 0.730337 0.727273
vt 0.730337 0.818182
vt 0.730337 0.909091
vt 0.730337 1.000000
vt 0.741573 0.090909
vt 0.741573 0.000000
vt 0.741573 0.181818
vt 0.741573 0.272727
vt 0.741573 0.363636
vt 0.741573 0.454545
vt 0.741573 0.545455
vt 0.741573 0.636364
vt 0.741573 0.727273
vt 0.741573 0.818182
vt 0.741573 0.909091
vt 0.741573 1.000000
vt 0.752809 0.090909
vt 0.752809 0.000000
vt 0.752809 0.181818
vt 0.752809 0.272727
vt 0.752809 0.363636
vt 0.752809 0.454545
vt 0.752809 0.545455
vt 0.752809 0.636364
vt 0.752809 0.727273
vt 0.752809 0.818182
vt 0.752809 0.909091
vt 0.752809 1.000000
vt 0.764045 0.090909
vt 0.764045 0.000000
vt 0.764045 0.181818
vt 0.764045 0.272727
vt 0.764045 0.363636
vt 0.764045 0.454545
vt 0.764045 0.545455
vt 0.764045 0.636364
vt 0.764045 0.727273
vt 0.764045 0.818182
vt 0.764045 0.909091
vt 0.764045 1.000000
vt 0.775281 0.090909
vt 0.775281 0.000000
vt 0.775281 0.181818
vt 0.775281 0.272727
vt 0.775281 0.363636
vt 0.775281 0.454545
vt 0.775281 0.545455
vt 0.775281 0.636364
vt 0.775281 0.727273
vt 0.775281 0.818182
vt 0.775281 0.909091
vt 0.775281 1.000000
vt 0.786517 0.090909
vt 0.786517 0.000000
vt 0.786517 0.181818
vt 0.786517 0.272727
vt 0.786517 0.363636
vt 0.786517 0.454545
vt 0.786517 0.545455
vt 0.786517 0.636364
vt 0.786517 0.727273
vt 0.786517 0.818182
vt 0.786517 0.909091
vt 0.786517 1.000000
vt 0.797753 0.090909
vt 0.797753 0.000000
vt 0.797753 0.181818
vt 0.797753 0.272727
vt 0.797753 0.363636
vt 0.797753 0.454545
vt 0.797753 0.545455
vt 0.797753 0.636364
vt 0.797753 0.727273
vt 0.797753 0.818182
vt 0.797753 0.909091
vt 0.797753 1.000000
vt 0.808989 0.090909
vt 0.808989 0.000000
vt 0.808989 0.181818
vt 0.808989 0.272727
vt 0.808989 0.363636
vt 0.808989 0.454545
vt 0.808989 0.545455
vt 0.808989 0.636364
vt 0.808989 0.727273
vt 0.808989 0.818182
vt 0.808989 0.909091
vt 0.808989 1.000000
vt 0.820225 0.090909
vt 0.820225 0.000000
vt 0.820225 0.181818
vt 0.820225 0.272727
vt 0.820225 0.363636
vt 0.820225 0.454545
vt 0.820225 0.545455
vt 0.820225 0.636364
vt 0.820225 0.727273
vt 0.820225 0.818182
vt 0.820225 0.909091
vt 0.820225 1.000000
vt 0.831461 0.090909
vt 0.831461 0.000000
vt 0.831461 0.181818
vt 0.831461 0.272727
vt 0.831461 0.363636
vt 0.831461 0.454545
vt 0.831461 0.545455
vt 0.831461 0.636364
vt 0.831461 0.727273
vt 0.831461 0.818182
vt 0.831461 0.909091
vt 0.831461 1.000000
vt 0.842697 0.090909
vt 0.842697 0.000000
vt 0.842697 0.181818
vt 0.842697 0.272727
vt 0.842697 0.363636
vt 0.842697 0.454545
vt 0.842697 0.545455
vt 0.842697 0.636364
vt 0.842697 0.727273
vt 0.842697 0.818182
vt 0.842697 0.909091
vt 0.842697 1.000000
vt 0.853933 0.090909
vt 0.853933 0.000000
vt 0.853933 0.181818
vt 0.853933 0.272727
vt 0.853933 0.363636
vt 0.853933 0.454545
vt 0.853933 0.545455
vt 0.853933 0.636364
vt 0.853933 0.727273
vt 0.853933 0.818182
vt 0.853933 0.909091
vt 0.853933 1.000000
vt 0.865169 0.090909
vt 0.865169 0.000000
vt 0.865169 0.181818
vt 0.865169 0.272727
vt 0.865169 0.363636
vt 0.865169 0.454545
vt 0.865169 0.545455
vt 0.865169 0.636364
vt 0.865169 0.727273
vt 0.865169 0.818182
vt 0.865169 0.909091
vt 0.865169 1.000000
vt 0.876405 0.090909
vt 0.876405 0.000000
vt 0.876405 0.181818
vt 0.876405 0.272727
vt 0.876405 0.363636
vt 0.876405 0.454545
vt 0.876405 0.545455
vt 0.876405 0.636364
vt 0.876405 0.727273
vt 0.876405 0.818182
vt 0.876405 0.909091
vt 0.876405 1.000000
vt 0.887640 0.090909
vt 0.887640 0.000000
vt 0.887640 0.181818
vt 0.887640 0.272727
vt 0.887640 0.363636
vt 0.887640 0.454545
vt 0.887640 0.545455
vt 0.887640 0.636364
vt 0.887640 0.727273
vt 0.887640 0.818182
vt 0.887640 0.909091
vt 0.887640 1.000000
vt 0.898876 0.090909
vt 0.898876 0.000000
vt 0.898876 0.181818
vt 0.898876 0.272727
vt 0.898876 0.363636
vt 0.898876 0.454545
vt 0.898876 0.545455
vt 0.898876 0.636364
vt 0.898876 0.727273
vt 0.898876 0.818182
vt 0.898876 0.909091
vt 0.898876 1.000000
vt 0.910112 0.090909
vt 0.910112 0.000000
vt 0.910112 0.181818
vt 0.910112 0.272727
vt 0.910112 0.363636
vt 0.910112 0.454545
vt 0.910112 0.545455
vt 0.910112 0.636364
vt 0.910112 0.727273
vt 0.910112 0.818182
vt 0.910112 0.909091
vt 0.910112 1.000000
vt 0.921348 0.090909
vt 0.921348 0.000000
vt 0.921348 0.181818
vt 0.921348 0.272727
vt 0.921348 0.363636
vt 0.921348 0.454545
vt 0.921348 0.545455
vt 0.921348 0.636364
vt 0.921348 0.727273
vt 0.921348 0.818182
vt 0.921348 0.909091
vt 0.921348 1.000000
vt 0.932584 0.090909
vt 0.932584 0.000000
vt 0.932584 0.181818
vt 0.932584 0.272727
vt 0.932584 0.363636
vt 0.932584 0.454545
vt 0.932584 0.545455
vt 0.932584 0.636364
vt 0.932584 0.727273
vt 0.932584 0.818182
vt 0.932584 0.909091
vt 0.932584 1.000000
vt 0.943820 0.090909
vt 0.943820 0.000000
vt 0.943820 0.181818
vt 0.943820 0.272727
vt 0.943820 0.363636
vt 0.943820 0.454545
vt 0.943820 0.545455
vt 0.943820 0.636364
vt 0.943820 0.727273
vt 0.943820 0.818182
vt 0.943820 0.909091
vt 0.943820 1.000000
vt 0.955056 0.090909
vt 0.955056 0.000000
vt 0.955056 0.181818
vt 0.955056 0.272727
vt 0.955056 0.363636
vt 0.955056 0.454545
vt 0.955056 0.545455
vt 0.955056 0.636364
vt 0.955056 0.727273
vt 0.955056 0.818182
vt 0.955056 0.909091
vt 0.955056 1.000000
vt 0.966292 0.090909
vt 0.966292 0.000000
vt 0.966292 0.181818
vt 0.966292 0.272727
vt 0.966292 0.363636
vt 0.966292 0.454545
vt 0.966292 0.545455
vt 0.966292 0.636364
vt 0.966292 0.727273
vt 0.966292 0.818182
vt 0.966292 0.909091
vt 0.966292 1.000000
vt 0.977528 0.090909
vt 0.977528 0.000000
vt 0.977528 0.181818
vt 0.977528 0.272727
vt 0.977528 0.363636
vt 0.977528 0.454545
vt 0.977528 0.545455
vt 0.977528 0.636364
vt 0.977528 0.727273
vt 0.977528 0.818182
vt 0.977528 0.909091
vt 0.977528 1.000000
vt 0.988764 0.090909
vt 0.988764 0.000000
vt 0.988764 0.181818
vt 0.988764 0.272727
vt 0.988764 0.363636
vt 0.988764 0.454545
vt 0.988764 0.545455
vt 0.988764 0.636364
vt 0.988764 0.727273
vt 0.988764 0.818182
vt 0.988764 0.909091
vt 0.988764 1.000000
vt 1.000000 0.090909
vt 1.000000 0.181818
vt 1.000000 0.272727
vt 1.000000 0.363636
vt 1.000000 0.454545
vt 1.000000 0.545455
vt 1.000000 0.636364
vt 1.000000 0.727273
vt 1.000000 0.818182
vt 1.000000 0.909091
vt 1.000000 1.000000
s 0
usemtl Mat_Digit
f 18/29/13 17/30/13 19/31/13
f 67/32/13 66/33/13 65/34/13
f 65/34/13 64/35/13 67/32/13
f 64/35/13 63/36/13 67/32/13
f 60/37/13 59/38/13 70/39/13
f 71/40/13 70/39/13 59/38/13
f 59/38/13 72/41/13 71/40/13
f 67/32/13 63/36/13 62/42/13
f 68/43/13 67/32/13 62/42/13
f 62/42/13 61/44/13 68/43/13
f 69/45/13 68/43/13 61/44/13
f 61/44/13 60/37/13 69/45/13
f 60/37/13 70/39/13 69/45/13
f 77/46/13 55/47/13 78/48/13
f 76/49/13 56/50/13 55/47/13
f 55/47/13 77/46/13 76/49/13
f 74/51/13 57/52/13 56/50/13
f 75/53/13 74/51/13 56/50/13
f 56/50/13 76/49/13 75/53/13
f 53/54/13 79/55/13 54/56/13
f 52/57/13 80/58/13 53/54/13
f 79/55/13 53/54/13 80/58/13
f 103/59/13 102/60/13 24/61/13
f 25/62/13 24/61/13 102/60/13
f 102/60/13 26/63/13 25/62/13
f 78/48/13 55/47/13 54/56/13
f 54/56/13 79/55/13 78/48/13
f 19/31/13 17/30/13 103/59/13
f 20/64/13 19/31/13 103/59/13
f 21/65/13 20/64/13 103/59/13
f 22/66/13 21/65/13 103/59/13
f 23/67/13 22/66/13 103/59/13
f 103/59/13 24/61/13 23/67/13
f 72/41/13 59/38/13 58/68/13
f 73/69/13 72/41/13 58/68/13
f 58/68/13 57/52/13 73/69/13
f 57/52/13 74/51/13 73/69/13
f 41/70/13 40/71/13 93/72/13
f 93/72/13 92/73/13 41/70/13
f 42/74/13 41/70/13 92/73/13
f 92/73/13 91/75/13 42/74/13
f 43/76/13 42/74/13 91/75/13
f 91/75/13 90/77/13 43/76/13
f 30/78/13 29/79/13 99/80/13
f 99/80/13 98/81/13 30/78/13
f 31/82/13 30/78/13 98/81/13
f 32/83/13 31/82/13 98/81/13
f 98/81/13 97/84/13 32/83/13
f 33/85/13 32/83/13 97/84/13
f 34/86/13 33/85/13 97/84/13
f 97/84/13 96/87/13 34/86/13
f 35/88/13 34/86/13 96/87/13
f 36/89/13 35/88/13 96/87/13
f 96/87/13 95/90/13 36/89/13
f 37/91/13 36/89/13 95/90/13
f 95/90/13 94/92/13 37/91/13
f 38/93/13 37/91/13 94/92/13
f 39/94/13 38/93/13 94/92/13
f 94/92/13 93/72/13 39/94/13
f 93/72/13 40/71/13 39/94/13
f 43/76/13 90/77/13 44/95/13
f 90/77/13 89/96/13 44/95/13
f 45/97/13 44/95/13 89/96/13
f 89/96/13 88/98/13 45/97/13
f 46/99/13 45/97/13 88/98/13
f 88/98/13 87/100/13 46/99/13
f 47/101/13 46/99/13 87/100/13
f 87/100/13 86/102/13 47/101/13
f 48/103/13 47/101/13 86/102/13
f 86/102/13 85/104/13 48/103/13
f 49/105/13 48/103/13 85/104/13
f 85/104/13 84/106/13 49/105/13
f 84/106/13 83/107/13 49/105/13
f 50/108/13 49/105/13 83/107/13
f 82/109/13 50/108/13 83/107/13
f 103/59/13 17/30/13 105/110/13
f 105/110/13 104/111/13 103/59/13
f 26/63/13 102/60/13 101/112/13
f 27/113/13 26/63/13 101/112/13
f 101/112/13 100/114/13 27/113/13
f 28/115/13 27/113/13 100/114/13
f 100/114/13 99/80/13 28/115/13
f 99/80/13 29/79/13 28/115/13
f 50/108/13 82/109/13 51/116/13
f 82/109/13 81/117/13 51/116/13
f 52/57/13 51/116/13 81/117/13
f 80/58/13 52/57/13 81/117/13
f 107/29/14 108/31/14 106/30/14
f 156/32/14 154/34/14 155/33/14
f 154/34/14 156/32/14 153/35/14
f 153/35/14 156/32/14 152/36/14
f 149/37/14 159/39/14 148/38/14
f 160/40/14 148/38/14 159/39/14
f 148/38/14 160/40/14 161/41/14
f 156/32/14 151/42/14 152/36/14
f 157/43/14 151/42/14 156/32/14
f 151/42/14 157/43/14 150/44/14
f 158/45/14 150/44/14 157/43/14
f 150/44/14 158/45/14 149/37/14
f 149/37/14 158/45/14 159/39/14
f 166/46/14 167/48/14 144/47/14
f 165/49/14 144/47/14 145/50/14
f 144/47/14 165/49/14 166/46/14
f 163/51/14 145/50/14 146/52/14
f 164/53/14 145/50/14 163/51/14
f 145/50/14 164/53/14 165/49/14
f 142/54/14 143/56/14 168/55/14
f 141/57/14 142/54/14 169/58/14
f 168/55/14 169/58/14 142/54/14
f 192/59/14 113/61/14 191/60/14
f 114/62/14 191/60/14 113/61/14
f 191/60/14 114/62/14 115/63/14
f 167/48/14 143/56/14 144/47/14
f 143/56/14 167/48/14 168/55/14
f 108/31/14 192/59/14 106/30/14
f 109/64/14 192/59/14 108/31/14
f 110/65/14 192/59/14 109/64/14
f 111/66/14 192/59/14 110/65/14
f 112/67/14 192/59/14 111/66/14
f 192/59/14 112/67/14 113/61/14
f 161/41/14 147/68/14 148/38/14
f 162/69/14 147/68/14 161/41/14
f 147/68/14 162/69/14 146/52/14
f 146/52/14 162/69/14 163/51/14
f 130/70/14 182/72/14 129/71/14
f 182/72/14 130/70/14 181/73/14
f 131/74/14 181/73/14 130/70/14
f 181/73/14 131/74/14 180/75/14
f 132/76/14 180/75/14 131/74/14
f 180/75/14 132/76/14 179/77/14
f 119/78/14 188/80/14 118/79/14
f 188/80/14 119/78/14 187/81/14
f 120/82/14 187/81/14 119/78/14
f 121/83/14 187/81/14 120/82/14
f 187/81/14 121/83/14 186/84/14
f 122/85/14 186/84/14 121/83/14
f 123/86/14 186/84/14 122/85/14
f 186/84/14 123/86/14 185/87/14
f 124/88/14 185/87/14 123/86/14
f 125/89/14 185/87/14 124/88/14
f 185/87/14 125/89/14 184/90/14
f 126/91/14 184/90/14 125/89/14
f 184/90/14 126/91/14 183/92/14
f 127/93/14 183/92/14 126/91/14
f 128/94/14 183/92/14 127/93/14
f 183/92/14 128/94/14 182/72/14
f 182/72/14 128/94/14 129/71/14
f 132/76/14 133/95/14 179/77/14
f 179/77/14 133/95/14 178/96/14
f 134/97/14 178/96/14 133/95/14
f 178/96/14 134/97/14 177/98/14
f 135/99/14 177/98/14 134/97/14
f 177/98/14 135/99/14 176/100/14
f 136/101/14 176/100/14 135/99/14
f 176/100/14 136/101/14 175/102/14
f 137/103/14 175/102/14 136/101/14
f 175/102/14 137/103/14 174/104/14
f 138/105/14 174/104/14 137/103/14
f 174/104/14 138/105/14 173/106/14
f 173/106/14 138/105/14 172/107/14
f 139/108/14 172/107/14 138/105/14
f 171/109/14 172/107/14 139/108/14
f 192/59/14 194/110/14 106/30/14
f 194/110/14 192/59/14 193/111/14
f 115/63/14 190/112/14 191/60/14
f 116/113/14 190/112/14 115/63/14
f 190/112/14 116/113/14 189/114/14
f 117/115/14 189/114/14 116/113/14
f 189/114/14 117/115/14 188/80/14
f 188/80/14 117/115/14 118/79/14
f 139/108/14 140/116/14 171/109/14
f 171/109/14 140/116/14 170/117/14
f 141/57/14 170/117/14 140/116/14
f 169/58/14 170/117/14 141/57/14
s 1
f 196/118/15 208/119/16 207/120/17 195/30/18
f 197/121/19 209/122/20 208/119/16 196/118/15
f 198/123/21 210/124/22 209/122/20 197/121/19
f 199/125/23 211/126/24 210/124/22 198/123/21
f 200/127/25 212/128/26 211/126/24 199/125/23
f 201/129/27 213/130/28 212/128/26 200/127/25
f 202/131/29 214/132/30 213/130/28 201/129/27
f 203/133/31 215/134/32 214/132/30 202/131/29
f 204/135/33 216/136/34 215/134/32 203/133/31
f 205/137/35 217/138/36 216/136/34 204/135/33
f 206/139/37 218/140/38 217/138/36 205/137/35
f 208/119/16 220/141/39 219/142/40 207/120/17
f 209/122/20 221/143/41 220/141/39 208/119/16
f 210/124/22 222/144/42 221/143/41 209/122/20
f 211/126/24 223/145/43 222/144/42 210/124/22
f 212/128/26 224/146/44 223/145/43 211/126/24
f 213/130/28 225/147/45 224/146/44 212/128/26
f 214/132/30 226/148/46 225/147/45 213/130/28
f 215/134/32 227/149/47 226/148/46 214/132/30
f 216/136/34 228/150/48 227/149/47 215/134/32
f 217/138/36 229/151/49 228/150/48 216/136/34
f 218/140/38 230/152/50 229/151/49 217/138/36
f 220/141/39 232/153/51 231/154/52 219/142/40
f 221/143/41 233/155/53 232/153/51 220/141/39
f 222/144/42 234/156/54 233/155/53 221/143/41
f 223/145/43 235/157/55 234/156/54 222/144/42
f 224/146/44 236/158/56 235/157/55 223/145/43
f 225/147/45 237/159/57 236/158/56 224/146/44
f 226/148/46 238/160/58 237/159/57 225/147/45
f 227/149/47 239/161/59 238/160/58 226/148/46
f 228/150/48 240/162/60 239/161/59 227/149/47
f 229/151/49 241/163/61 240/162/60 228/150/48
f 230/152/50 242/164/62 241/163/61 229/151/49
f 232/153/51 244/165/63 243/166/64 231/154/52
f 233/155/53 245/167/65 244/165/63 232/153/51
f 234/156/54 246/168/66 245/167/65 233/155/53
f 235/157/55 247/169/67 246/168/66 234/156/54
f 236/158/56 248/170/68 247/169/67 235/157/55
f 237/159/57 249/171/69 248/170/68 236/158/56
f 238/160/58 250/172/70 249/171/69 237/159/57
f 239/161/59 251/173/71 250/172/70 238/160/58
f 240/162/60 252/174/72 251/173/71 239/161/59
f 241/163/61 253/175/73 252/174/72 240/162/60
f 242/164/62 254/176/74 253/175/73 241/163/61
f 244/165/63 256/177/75 255/178/76 243/166/64
f 245/167/65 257/179/77 256/177/75 244/165/63
f 246/168/66 258/180/78 257/179/77 245/167/65
f 247/169/67 259/181/79 258/180/78 246/168/66
f 248/170/68 260/182/80 259/181/79 247/169/67
f 249/171/69 261/183/81 260/182/80 248/170/68
f 250/172/70 262/184/82 261/183/81 249/171/69
f 251/173/71 263/185/83 262/184/82 250/172/70
f 252/174/72 264/186/84 263/185/83 251/173/71
f 253/175/73 265/187/85 264/186/84 252/174/72
f 254/176/74 266/188/86 265/187/85 253/175/73
f 256/177/75 268/189/87 267/190/88 255/178/76
f 257/179/77 269/191/89 268/189/87 256/177/75
f 258/180/78 270/192/90 269/191/89 257/179/77
f 259/181/79 271/193/91 270/192/90 258/180/78
f 260/182/80 272/194/92 271/193/91 259/181/79
f 261/183/81 273/195/93 272/194/92 260/182/80
f 262/184/82 274/196/94 273/195/93 261/183/81
f 263/185/83 275/197/95 274/196/94 262/184/82
f 264/186/84 276/198/96 275/197/95 263/185/83
f 265/187/85 277/199/97 276/198/96 264/186/84
f 266/188/86 278/200/98 277/199/97 265/187/85
f 268/189/87 280/201/99 279/202/100 267/190/88
f 269/191/89 281/203/101 280/201/99 268/189/87
f 270/192/90 282/204/102 281/203/101 269/191/89
f 271/193/91 283/205/103 282/204/102 270/192/90
f 272/194/92 284/206/104 283/205/103 271/193/91
f 273/195/93 285/207/105 284/206/104 272/194/92
f 274/196/94 286/208/106 285/207/105 273/195/93
f 275/197/95 287/209/107 286/208/106 274/196/94
f 276/198/96 288/210/108 287/209/107 275/197/95
f 277/199/97 289/211/109 288/210/108 276/198/96
f 278/200/98 290/212/110 289/211/109 277/199/97
f 280/201/99 292/213/111 291/214/112 279/202/100
f 281/203/101 293/215/113 292/213/111 280/201/99
f 282/204/102 294/216/114 293/215/113 281/203/101
f 283/205/103 295/217/115 294/216/114 282/204/102
f 284/206/104 296/218/116 295/217/115 283/205/103
f 285/207/105 297/219/117 296/218/116 284/206/104
f 286/208/106 298/220/118 297/219/117 285/207/105
f 287/209/107 299/221/119 298/220/118 286/208/106
f 288/210/108 300/222/120 299/221/119 287/209/107
f 289/211/109 301/223/121 300/222/120 288/210/108
f 290/212/110 302/224/122 301/223/121 289/211/109
f 292/213/111 304/225/123 303/226/124 291/214/112
f 293/215/113 305/227/125 304/225/123 292/213/111
f 294/216/114 306/228/126 305/227/125 293/215/113
f 295/217/115 307/229/127 306/228/126 294/216/114
f 296/218/116 308/230/128 307/229/127 295/217/115
f 297/219/117 309/231/129 308/230/128 296/218/116
f 298/220/118 310/232/130 309/231/129 297/219/117
f 299/221/119 311/233/131 310/232/130 298/220/118
f 300/222/120 312/234/132 311/233/131 299/221/119
f 301/223/121 313/235/133 312/234/132 300/222/120
f 302/224/122 314/236/134 313/235/133 301/223/121
f 304/225/123 316/237/135 315/238/136 303/226/124
f 305/227/125 317/239/137 316/237/135 304/225/123
f 306/228/126 318/240/138 317/239/137 305/227/125
f 307/229/127 319/241/139 318/240/138 306/228/126
f 308/230/128 320/242/140 319/241/139 307/229/127
f 309/231/129 321/243/141 320/242/140 308/230/128
f 310/232/130 322/244/142 321/243/141 309/231/129
f 311/233/131 323/245/143 322/244/142 310/232/130
f 312/234/132 324/246/144 323/245/143 311/233/131
f 313/235/133 325/247/145 324/246/144 312/234/132
f 314/236/134 326/248/146 325/247/145 313/235/133
f 316/237/135 328/249/147 327/250/148 315/238/136
f 317/239/137 329/251/149 328/249/147 316/237/135
f 318/240/138 330/252/150 329/251/149 317/239/137
f 319/241/139 331/253/151 330/252/150 318/240/138
f 320/242/140 332/254/152 331/253/151 319/241/139
f 321/243/141 333/255/153 332/254/152 320/242/140
f 322/244/142 334/256/154 333/255/153 321/243/141
f 323/245/143 335/257/155 334/256/154 322/244/142
f 324/246/144 336/258/156 335/257/155 323/245/143
f 325/247/145 337/259/157 336/258/156 324/246/144
f 326/248/146 338/260/158 337/259/157 325/247/145
f 328/249/147 340/261/159 339/262/160 327/250/148
f 329/251/149 341/263/161 340/261/159 328/249/147
f 330/252/150 342/264/162 341/263/161 329/251/149
f 331/253/151 343/265/163 342/264/162 330/252/150
f 332/254/152 344/266/164 343/265/163 331/253/151
f 333/255/153 345/267/165 344/266/164 332/254/152
f 334/256/154 346/268/166 345/267/165 333/255/153
f 335/257/155 347/269/167 346/268/166 334/256/154
f 336/258/156 348/270/168 347/269/167 335/257/155
f 337/259/157 349/271/169 348/270/168 336/258/156
f 338/260/158 350/272/170 349/271/169 337/259/157
f 340/261/159 352/273/171 351/274/172 339/262/160
f 341/263/161 353/275/173 352/273/171 340/261/159
f 342/264/162 354/276/174 353/275/173 341/263/161
f 343/265/163 355/277/175 354/276/174 342/264/162
f 344/266/164 356/278/176 355/277/175 343/265/163
f 345/267/165 357/279/177 356/278/176 344/266/164
f 346/268/166 358/280/178 357/279/177 345/267/165
f 347/269/167 359/281/179 358/280/178 346/268/166
f 348/270/168 360/282/180 359/281/179 347/269/167
f 349/271/169 361/283/181 360/282/180 348/270/168
f 350/272/170 362/284/182 361/283/181 349/271/169
f 352/273/171 364/285/183 363/286/184 351/274/172
f 353/275/173 365/287/185 364/285/183 352/273/171
f 354/276/174 366/288/186 365/287/185 353/275/173
f 355/277/175 367/289/187 366/288/186 354/276/174
f 356/278/176 368/290/188 367/289/187 355/277/175
f 357/279/177 369/291/189 368/290/188 356/278/176
f 358/280/178 370/292/190 369/291/189 357/279/177
f 359/281/179 371/293/191 370/292/190 358/280/178
f 360/282/180 372/294/192 371/293/191 359/281/179
f 361/283/181 373/295/193 372/294/192 360/282/180
f 362/284/182 374/296/194 373/295/193 361/283/181
f 364/285/183 376/297/195 375/298/196 363/286/184
f 365/287/185 377/299/197 376/297/195 364/285/183
f 366/288/186 378/300/198 377/299/197 365/287/185
f 367/289/187 379/301/199 378/300/198 366/288/186
f 368/290/188 380/302/200 379/301/199 367/289/187
f 369/291/189 381/303/201 380/302/200 368/290/188
f 370/292/190 382/304/202 381/303/201 369/291/189
f 371/293/191 383/305/203 382/304/202 370/292/190
f 372/294/192 384/306/204 383/305/203 371/293/191
f 373/295/193 385/307/205 384/306/204 372/294/192
f 374/296/194 386/308/206 385/307/205 373/295/193
f 376/297/195 388/309/207 387/310/208 375/298/196
f 377/299/197 389/311/209 388/309/207 376/297/195
f 378/300/198 390/312/210 389/311/209 377/299/197
f 379/301/199 391/313/211 390/312/210 378/300/198
f 380/302/200 392/314/212 391/313/211 379/301/199
f 381/303/201 393/315/213 392/314/212 380/302/200
f 382/304/202 394/316/214 393/315/213 381/303/201
f 383/305/203 395/317/215 394/316/214 382/304/202
f 384/306/204 396/318/216 395/317/215 383/305/203
f 385/307/205 397/319/217 396/318/216 384/306/204
f 386/308/206 398/320/218 397/319/217 385/307/205
f 388/309/207 400/321/219 399/322/220 387/310/208
f 389/311/209 401/323/221 400/321/219 388/309/207
f 390/312/210 402/324/222 401/323/221 389/311/209
f 391/313/211 403/325/223 402/324/222 390/312/210
f 392/314/212 404/326/224 403/325/223 391/313/211
f 393/315/213 405/327/225 404/326/224 392/314/212
f 394/316/214 406/328/226 405/327/225 393/315/213
f 395/317/215 407/329/227 406/328/226 394/316/214
f 396/318/216 408/330/228 407/329/227 395/317/215
f 397/319/217 409/331/229 408/330/228 396/318/216
f 398/320/218 410/332/230 409/331/229 397/319/217
f 400/321/219 412/333/231 411/334/232 399/322/220
f 401/323/221 413/335/233 412/333/231 400/321/219
f 402/324/222 414/336/234 413/335/233 401/323/221
f 403/325/223 415/337/235 414/336/234 402/324/222
f 404/326/224 416/338/236 415/337/235 403/325/223
f 405/327/225 417/339/237 416/338/236 404/326/224
f 406/328/226 418/340/238 417/339/237 405/327/225
f 407/329/227 419/341/239 418/340/238 406/328/226
f 408/330/228 420/342/240 419/341/239 407/329/227
f 409/331/229 421/343/241 420/342/240 408/330/228
f 410/332/230 422/344/242 421/343/241 409/331/229
f 412/333/231 424/345/243 423/346/244 411/334/232
f 413/335/233 425/347/245 424/345/243 412/333/231
f 414/336/234 426/348/246 425/347/245 413/335/233
f 415/337/235 427/349/247 426/348/246 414/336/234
f 416/338/236 428/350/248 427/349/247 415/337/235
f 417/339/237 429/351/249 428/350/248 416/338/236
f 418/340/238 430/352/250 429/351/249 417/339/237
f 419/341/239 431/353/251 430/352/250 418/340/238
f 420/342/240 432/354/252 431/353/251 419/341/239
f 421/343/241 433/355/253 432/354/252 420/342/240
f 422/344/242 434/356/254 433/355/253 421/343/241
f 424/345/243 436/357/255 435/358/256 423/346/244
f 425/347/245 437/359/257 436/357/255 424/345/243
f 426/348/246 438/360/258 437/359/257 425/347/245
f 427/349/247 439/361/259 438/360/258 426/348/246
f 428/350/248 440/362/260 439/361/259 427/349/247
f 429/351/249 441/363/261 440/362/260 428/350/248
f 430/352/250 442/364/262 441/363/261 429/351/249
f 431/353/251 443/365/263 442/364/262 430/352/250
f 432/354/252 444/366/264 443/365/263 431/353/251
f 433/355/253 445/367/265 444/366/264 432/354/252
f 434/356/254 446/368/266 445/367/265 433/355/253
f 436/357/255 448/369/267 447/370/268 435/358/256
f 437/359/257 449/371/269 448/369/267 436/357/255
f 438/360/258 450/372/270 449/371/269 437/359/257
f 439/361/259 451/373/271 450/372/270 438/360/258
f 440/362/260 452/374/272 451/373/271 439/361/259
f 441/363/261 453/375/273 452/374/272 440/362/260
f 442/364/262 454/376/274 453/375/273 441/363/261
f 443/365/263 455/377/275 454/376/274 442/364/262
f 444/366/264 456/378/276 455/377/275 443/365/263
f 445/367/265 457/379/277 456/378/276 444/366/264
f 446/368/266 458/380/278 457/379/277 445/367/265
f 448/369/267 460/381/279 459/382/280 447/370/268
f 449/371/269 461/383/281 460/381/279 448/369/267
f 450/372/270 462/384/282 461/383/281 449/371/269
f 451/373/271 463/385/283 462/384/282 450/372/270
f 452/374/272 464/386/284 463/385/283 451/373/271
f 453/375/273 465/387/285 464/386/284 452/374/272
f 454/376/274 466/388/286 465/387/285 453/375/273
f 455/377/275 467/389/287 466/388/286 454/376/274
f 456/378/276 468/390/288 467/389/287 455/377/275
f 457/379/277 469/391/289 468/390/288 456/378/276
f 458/380/278 470/392/290 469/391/289 457/379/277
f 460/381/279 472/393/291 471/394/292 459/382/280
f 461/383/281 473/395/293 472/393/291 460/381/279
f 462/384/282 474/396/294 473/395/293 461/383/281
f 463/385/283 475/397/295 474/396/294 462/384/282
f 464/386/284 476/398/296 475/397/295 463/385/283
f 465/387/285 477/399/297 476/398/296 464/386/284
f 466/388/286 478/400/298 477/399/297 465/387/285
f 467/389/287 479/401/299 478/400/298 466/388/286
f 468/390/288 480/402/300 479/401/299 467/389/287
f 469/391/289 481/403/301 480/402/300 468/390/288
f 470/392/290 482/404/302 481/403/301 469/391/289
f 472/393/291 484/405/303 483/406/304 471/394/292
f 473/395/293 485/407/305 484/405/303 472/393/291
f 474/396/294 486/408/306 485/407/305 473/395/293
f 475/397/295 487/409/307 486/408/306 474/396/294
f 476/398/296 488/410/308 487/409/307 475/397/295
f 477/399/297 489/411/309 488/410/308 476/398/296
f 478/400/298 490/412/310 489/411/309 477/399/297
f 479/401/299 491/413/311 490/412/310 478/400/298
f 480/402/300 492/414/312 491/413/311 479/401/299
f 481/403/301 493/415/313 492/414/312 480/402/300
f 482/404/302 494/416/314 493/415/313 481/403/301
f 484/405/303 496/417/315 495/418/316 483/406/304
f 485/407/305 497/419/317 496/417/315 484/405/303
f 486/408/306 498/420/318 497/419/317 485/407/305
f 487/409/307 499/421/319 498/420/318 486/408/306
f 488/410/308 500/422/320 499/421/319 487/409/307
f 489/411/309 501/423/321 500/422/320 488/410/308
f 490/412/310 502/424/322 501/423/321 489/411/309
f 491/413/311 503/425/323 502/424/322 490/412/310
f 492/414/312 504/426/324 503/425/323 491/413/311
f 493/415/313 505/427/325 504/426/324 492/414/312
f 494/416/314 506/428/326 505/427/325 493/415/313
f 496/417/315 508/429/327 507/430/328 495/418/316
f 497/419/317 509/431/329 508/429/327 496/417/315
f 498/420/318 510/432/330 509/431/329 497/419/317
f 499/421/319 511/433/331 510/432/330 498/420/318
f 500/422/320 512/434/332 511/433/331 499/421/319
f 501/423/321 513/435/333 512/434/332 500/422/320
f 502/424/322 514/436/334 513/435/333 501/423/321
f 503/425/323 515/437/335 514/436/334 502/424/322
f 504/426/324 516/438/336 515/437/335 503/425/323
f 505/427/325 517/439/337 516/438/336 504/426/324
f 506/428/326 518/440/338 517/439/337 505/427/325
f 508/429/327 520/441/339 519/442/340 507/430/328
f 509/431/329 521/443/341 520/441/339 508/429/327
f 510/432/330 522/444/342 521/443/341 509/431/329
f 511/433/331 523/445/343 522/444/342 510/432/330
f 512/434/332 524/446/344 523/445/343 511/433/331
f 513/435/333 525/447/345 524/446/344 512/434/332
f 514/436/334 526/448/346 525/447/345 513/435/333
f 515/437/335 527/449/347 526/448/346 514/436/334
f 516/438/336 528/450/348 527/449/347 515/437/335
f 517/439/337 529/451/349 528/450/348 516/438/336
f 518/440/338 530/452/350 529/451/349 517/439/337
f 520/441/339 532/453/351 531/454/352 519/442/340
f 521/443/341 533/455/353 532/453/351 520/441/339
f 522/444/342 534/456/354 533/455/353 521/443/341
f 523/445/343 535/457/355 534/456/354 522/444/342
f 524/446/344 536/458/356 535/457/355 523/445/343
f 525/447/345 537/459/357 536/458/356 524/446/344
f 526/448/346 538/460/358 537/459/357 525/447/345
f 527/449/347 539/461/359 538/460/358 526/448/346
f 528/450/348 540/462/360 539/461/359 527/449/347
f 529/451/349 541/463/361 540/462/360 528/450/348
f 530/452/350 542/464/362 541/463/361 529/451/349
f 532/453/351 544/465/363 543/466/364 531/454/352
f 533/455/353 545/467/365 544/465/363 532/453/351
f 534/456/354 546/468/366 545/467/365 533/455/353
f 535/457/355 547/469/367 546/468/366 534/456/354
f 536/458/356 548/470/368 547/469/367 535/457/355
f 537/459/357 549/471/369 548/470/368 536/458/356
f 538/460/358 550/472/370 549/471/369 537/459/357
f 539/461/359 551/473/371 550/472/370 538/460/358
f 540/462/360 552/474/372 551/473/371 539/461/359
f 541/463/361 553/475/373 552/474/372 540/462/360
f 542/464/362 554/476/374 553/475/373 541/463/361
f 544/465/363 556/477/375 555/478/376 543/466/364
f 545/467/365 557/479/377 556/477/375 544/465/363
f 546/468/366 558/480/378 557/479/377 545/467/365
f 547/469/367 559/481/379 558/480/378 546/468/366
f 548/470/368 560/482/380 559/481/379 547/469/367
f 549/471/369 561/483/381 560/482/380 548/470/368
f 550/472/370 562/484/382 561/483/381 549/471/369
f 551/473/371 563/485/383 562/484/382 550/472/370
f 552/474/372 564/486/384 563/485/383 551/473/371
f 553/475/373 565/487/385 564/486/384 552/474/372
f 554/476/374 566/488/386 565/487/385 553/475/373
f 556/477/375 568/489/387 567/490/388 555/478/376
f 557/479/377 569/491/389 568/489/387 556/477/375
f 558/480/378 570/492/390 569/491/389 557/479/377
f 559/481/379 571/493/391 570/492/390 558/480/378
f 560/482/380 572/494/392 571/493/391 559/481/379
f 561/483/381 573/495/393 572/494/392 560/482/380
f 562/484/382 574/496/394 573/495/393 561/483/381
f 563/485/383 575/497/395 574/496/394 562/484/382
f 564/486/384 576/498/396 575/497/395 563/485/383
f 565/487/385 577/499/397 576/498/396 564/486/384
f 566/488/386 578/500/398 577/499/397 565/487/385
f 568/489/387 580/501/399 579/502/400 567/490/388
f 569/491/389 581/503/401 580/501/399 568/489/387
f 570/492/390 582/504/402 581/503/401 569/491/389
f 571/493/391 583/505/403 582/504/402 570/492/390
f 572/494/392 584/506/404 583/505/403 571/493/391
f 573/495/393 585/507/405 584/506/404 572/494/392
f 574/496/394 586/508/406 585/507/405 573/495/393
f 575/497/395 587/509/407 586/508/406 574/496/394
f 576/498/396 588/510/408 587/509/407 575/497/395
f 577/499/397 589/511/409 588/510/408 576/498/396
f 578/500/398 590/512/410 589/511/409 577/499/397
f 580/501/399 592/513/411 591/514/412 579/502/400
f 581/503/401 593/515/413 592/513/411 580/501/399
f 582/504/402 594/516/414 593/515/413 581/503/401
f 583/505/403 595/517/415 594/516/414 582/504/402
f 584/506/404 596/518/416 595/517/415 583/505/403
f 585/507/405 597/519/417 596/518/416 584/506/404
f 586/508/406 598/520/418 597/519/417 585/507/405
f 587/509/407 599/521/419 598/520/418 586/508/406
f 588/510/408 600/522/420 599/521/419 587/509/407
f 589/511/409 601/523/421 600/522/420 588/510/408
f 590/512/410 602/524/422 601/523/421 589/511/409
f 592/513/411 604/525/423 603/526/424 591/514/412
f 593/515/413 605/527/425 604/525/423 592/513/411
f 594/516/414 606/528/426 605/527/425 593/515/413
f 595/517/415 607/529/427 606/528/426 594/516/414
f 596/518/416 608/530/428 607/529/427 595/517/415
f 597/519/417 609/531/429 608/530/428 596/518/416
f 598/520/418 610/532/430 609/531/429 597/519/417
f 599/521/419 611/533/431 610/532/430 598/520/418
f 600/522/420 612/534/432 611/533/431 599/521/419
f 601/523/421 613/535/433 612/534/432 600/522/420
f 602/524/422 614/536/434 613/535/433 601/523/421
f 604/525/423 616/537/435 615/538/436 603/526/424
f 605/527/425 617/539/437 616/537/435 604/525/423
f 606/528/426 618/540/438 617/539/437 605/527/425
f 607/529/427 619/541/439 618/540/438 606/528/426
f 608/530/428 620/542/440 619/541/439 607/529/427
f 609/531/429 621/543/441 620/542/440 608/530/428
f 610/532/430 622/544/442 621/543/441 609/531/429
f 611/533/431 623/545/443 622/544/442 610/532/430
f 612/534/432 624/546/444 623/545/443 611/533/431
f 613/535/433 625/547/445 624/546/444 612/534/432
f 614/536/434 626/548/446 625/547/445 613/535/433
f 616/537/435 628/549/447 627/550/448 615/538/436
f 617/539/437 629/551/449 628/549/447 616/537/435
f 618/540/438 630/552/450 629/551/449 617/539/437
f 619/541/439 631/553/451 630/552/450 618/540/438
f 620/542/440 632/554/452 631/553/451 619/541/439
f 621/543/441 633/555/453 632/554/452 620/542/440
f 622/544/442 634/556/454 633/555/453 621/543/441
f 623/545/443 635/557/455 634/556/454 622/544/442
f 624/546/444 636/558/456 635/557/455 623/545/443
f 625/547/445 637/559/457 636/558/456 624/546/444
f 626/548/446 638/560/458 637/559/457 625/547/445
f 628/549/447 640/561/459 639/562/460 627/550/448
f 629/551/449 641/563/461 640/561/459 628/549/447
f 630/552/450 642/564/462 641/563/461 629/551/449
f 631/553/451 643/565/463 642/564/462 630/552/450
f 632/554/452 644/566/464 643/565/463 631/553/451
f 633/555/453 645/567/465 644/566/464 632/554/452
f 634/556/454 646/568/466 645/567/465 633/555/453
f 635/557/455 647/569/467 646/568/466 634/556/454
f 636/558/456 648/570/468 647/569/467 635/557/455
f 637/559/457 649/571/469 648/570/468 636/558/456
f 638/560/458 650/572/470 649/571/469 637/559/457
f 640/561/459 652/573/471 651/574/472 639/562/460
f 641/563/461 653/575/473 652/573/471 640/561/459
f 642/564/462 654/576/474 653/575/473 641/563/461
f 643/565/463 655/577/475 654/576/474 642/564/462
f 644/566/464 656/578/476 655/577/475 643/565/463
f 645/567/465 657/579/477 656/578/476 644/566/464
f 646/568/466 658/580/478 657/579/477 645/567/465
f 647/569/467 659/581/479 658/580/478 646/568/466
f 648/570/468 660/582/480 659/581/479 647/569/467
f 649/571/469 661/583/481 660/582/480 648/570/468
f 650/572/470 662/584/482 661/583/481 649/571/469
f 652/573/471 664/585/483 663/586/484 651/574/472
f 653/575/473 665/587/485 664/585/483 652/573/471
f 654/576/474 666/588/486 665/587/485 653/575/473
f 655/577/475 667/589/487 666/588/486 654/576/474
f 656/578/476 668/590/488 667/589/487 655/577/475
f 657/579/477 669/591/489 668/590/488 656/578/476
f 658/580/478 670/592/490 669/591/489 657/579/477
f 659/581/479 671/593/491 670/592/490 658/580/478
f 660/582/480 672/594/492 671/593/491 659/581/479
f 661/583/481 673/595/493 672/594/492 660/582/480
f 662/584/482 674/596/494 673/595/493 661/583/481
f 664/585/483 676/597/495 675/598/496 663/586/484
f 665/587/485 677/599/497 676/597/495 664/585/483
f 666/588/486 678/600/498 677/599/497 665/587/485
f 667/589/487 679/601/499 678/600/498 666/588/486
f 668/590/488 680/602/500 679/601/499 667/589/487
f 669/591/489 681/603/501 680/602/500 668/590/488
f 670/592/490 682/604/502 681/603/501 669/591/489
f 671/593/491 683/605/503 682/604/502 670/592/490
f 672/594/492 684/606/504 683/605/503 671/593/491
f 673/595/493 685/607/505 684/606/504 672/594/492
f 674/596/494 686/608/506 685/607/505 673/595/493
f 676/597/495 688/609/507 687/610/508 675/598/496
f 677/599/497 689/611/509 688/609/507 676/597/495
f 678/600/498 690/612/510 689/611/509 677/599/497
f 679/601/499 691/613/511 690/612/510 678/600/498
f 680/602/500 692/614/512 691/613/511 679/601/499
f 681/603/501 693/615/513 692/614/512 680/602/500
f 682/604/502 694/616/514 693/615/513 681/603/501
f 683/605/503 695/617/515 694/616/514 682/604/502
f 684/606/504 696/618/516 695/617/515 683/605/503
f 685/607/505 697/619/517 696/618/516 684/606/504
f 686/608/506 698/620/518 697/619/517 685/607/505
f 688/609/507 700/621/519 699/622/520 687/610/508
f 689/611/509 701/623/521 700/621/519 688/609/507
f 690/612/510 702/624/522 701/623/521 689/611/509
f 691/613/511 703/625/523 702/624/522 690/612/510
f 692/614/512 704/626/524 703/625/523 691/613/511
f 693/615/513 705/627/525 704/626/524 692/614/512
f 694/616/514 706/628/526 705/627/525 693/615/513
f 695/617/515 707/629/527 706/628/526 694/616/514
f 696/618/516 708/630/528 707/629/527 695/617/515
f 697/619/517 709/631/529 708/630/528 696/618/516
f 698/620/518 710/632/530 709/631/529 697/619/517
f 700/621/519 712/633/531 711/634/532 699/622/520
f 701/623/521 713/635/533 712/633/531 700/621/519
f 702/624/522 714/636/534 713/635/533 701/623/521
f 703/625/523 715/637/535 714/636/534 702/624/522
f 704/626/524 716/638/536 715/637/535 703/625/523
f 705/627/525 717/639/537 716/638/536 704/626/524
f 706/628/526 718/640/538 717/639/537 705/627/525
f 707/629/527 719/641/539 718/640/538 706/628/526
f 708/630/528 720/642/540 719/641/539 707/629/527
f 709/631/529 721/643/541 720/642/540 708/630/528
f 710/632/530 722/644/542 721/643/541 709/631/529
f 712/633/531 724/645/543 723/646/544 711/634/532
f 713/635/533 725/647/545 724/645/543 712/633/531
f 714/636/534 726/648/546 725/647/545 713/635/533
f 715/637/535 727/649/547 726/648/546 714/636/534
f 716/638/536 728/650/548 727/649/547 715/637/535
f 717/639/537 729/651/549 728/650/548 716/638/536
f 718/640/538 730/652/550 729/651/549 717/639/537
f 719/641/539 731/653/551 730/652/550 718/640/538
f 720/642/540 732/654/552 731/653/551 719/641/539
f 721/643/541 733/655/553 732/654/552 720/642/540
f 722/644/542 734/656/554 733/655/553 721/643/541
f 724/645/543 736/657/555 735/658/556 723/646/544
f 725/647/545 737/659/557 736/657/555 724/645/543
f 726/648/546 738/660/558 737/659/557 725/647/545
f 727/649/547 739/661/559 738/660/558 726/648/546
f 728/650/548 740/662/560 739/661/559 727/649/547
f 729/651/549 741/663/561 740/662/560 728/650/548
f 730/652/550 742/664/562 741/663/561 729/651/549
f 731/653/551 743/665/563 742/664/562 730/652/550
f 732/654/552 744/666/564 743/665/563 731/653/551
f 733/655/553 745/667/565 744/666/564 732/654/552
f 734/656/554 746/668/566 745/667/565 733/655/553
f 736/657/555 748/669/567 747/670/568 735/658/556
f 737/659/557 749/671/569 748/669/567 736/657/555
f 738/660/558 750/672/570 749/671/569 737/659/557
f 739/661/559 751/673/571 750/672/570 738/660/558
f 740/662/560 752/674/572 751/673/571 739/661/559
f 741/663/561 753/675/573 752/674/572 740/662/560
f 742/664/562 754/676/574 753/675/573 741/663/561
f 743/665/563 755/677/575 754/676/574 742/664/562
f 744/666/564 756/678/576 755/677/575 743/665/563
f 745/667/565 757/679/577 756/678/576 744/666/564
f 746/668/566 758/680/578 757/679/577 745/667/565
f 748/669/567 760/681/579 759/682/580 747/670/568
f 749/671/569 761/683/581 760/681/579 748/669/567
f 750/672/570 762/684/582 761/683/581 749/671/569
f 751/673/571 763/685/583 762/684/582 750/672/570
f 752/674/572 764/686/584 763/685/583 751/673/571
f 753/675/573 765/687/585 764/686/584 752/674/572
f 754/676/574 766/688/586 765/687/585 753/675/573
f 755/677/575 767/689/587 766/688/586 754/676/574
f 756/678/576 768/690/588 767/689/587 755/677/575
f 757/679/577 769/691/589 768/690/588 756/678/576
f 758/680/578 770/692/590 769/691/589 757/679/577
f 760/681/579 772/693/591 771/694/592 759/682/580
f 761/683/581 773/695/593 772/693/591 760/681/579
f 762/684/582 774/696/594 773/695/593 761/683/581
f 763/685/583 775/697/595 774/696/594 762/684/582
f 764/686/584 776/698/596 775/697/595 763/685/583
f 765/687/585 777/699/597 776/698/596 764/686/584
f 766/688/586 778/700/598 777/699/597 765/687/585
f 767/689/587 779/701/599 778/700/598 766/688/586
f 768/690/588 780/702/600 779/701/599 767/689/587
f 769/691/589 781/703/601 780/702/600 768/690/588
f 770/692/590 782/704/602 781/703/601 769/691/589
f 772/693/591 784/705/603 783/706/604 771/694/592
f 773/695/593 785/707/605 784/705/603 772/693/591
f 774/696/594 786/708/606 785/707/605 773/695/593
f 775/697/595 787/709/607 786/708/606 774/696/594
f 776/698/596 788/710/608 787/709/607 775/697/595
f 777/699/597 789/711/609 788/710/608 776/698/596
f 778/700/598 790/712/610 789/711/609 777/699/597
f 779/701/599 791/713/611 790/712/610 778/700/598
f 780/702/600 792/714/612 791/713/611 779/701/599
f 781/703/601 793/715/613 792/714/612 780/702/600
f 782/704/602 794/716/614 793/715/613 781/703/601
f 784/705/603 796/717/615 795/718/616 783/706/604
f 785/707/605 797/719/617 796/717/615 784/705/603
f 786/708/606 798/720/618 797/719/617 785/707/605
f 787/709/607 799/721/619 798/720/618 786/708/606
f 788/710/608 800/722/620 799/721/619 787/709/607
f 789/711/609 801/723/621 800/722/620 788/710/608
f 790/712/610 802/724/622 801/723/621 789/711/609
f 791/713/611 803/725/623 802/724/622 790/712/610
f 792/714/612 804/726/624 803/725/623 791/713/611
f 793/715/613 805/727/625 804/726/624 792/714/612
f 794/716/614 806/728/626 805/727/625 793/715/613
f 796/717/615 808/729/627 807/730/628 795/718/616
f 797/719/617 809/731/629 808/729/627 796/717/615
f 798/720/618 810/732/630 809/731/629 797/719/617
f 799/721/619 811/733/631 810/732/630 798/720/618
f 800/722/620 812/734/632 811/733/631 799/721/619
f 801/723/621 813/735/633 812/734/632 800/722/620
f 802/724/622 814/736/634 813/735/633 801/723/621
f 803/725/623 815/737/635 814/736/634 802/724/622
f 804/726/624 816/738/636 815/737/635 803/725/623
f 805/727/625 817/739/637 816/738/636 804/726/624
f 806/728/626 818/740/638 817/739/637 805/727/625
f 808/729/627 820/741/639 819/742/640 807/730/628
f 809/731/629 821/743/641 820/741/639 808/729/627
f 810/732/630 822/744/642 821/743/641 809/731/629
f 811/733/631 823/745/643 822/744/642 810/732/630
f 812/734/632 824/746/644 823/745/643 811/733/631
f 813/735/633 825/747/645 824/746/644 812/734/632
f 814/736/634 826/748/646 825/747/645 813/735/633
f 815/737/635 827/749/647 826/748/646 814/736/634
f 816/738/636 828/750/648 827/749/647 815/737/635
f 817/739/637 829/751/649 828/750/648 816/738/636
f 818/740/638 830/752/650 829/751/649 817/739/637
f 820/741/639 832/753/651 831/754/652 819/742/640
f 821/743/641 833/755/653 832/753/651 820/741/639
f 822/744/642 834/756/654 833/755/653 821/743/641
f 823/745/643 835/757/655 834/756/654 822/744/642
f 824/746/644 836/758/656 835/757/655 823/745/643
f 825/747/645 837/759/657 836/758/656 824/746/644
f 826/748/646 838/760/658 837/759/657 825/747/645
f 827/749/647 839/761/659 838/760/658 826/748/646
f 828/750/648 840/762/660 839/761/659 827/749/647
f 829/751/649 841/763/661 840/762/660 828/750/648
f 830/752/650 842/764/662 841/763/661 829/751/649
f 832/753/651 844/765/663 843/766/664 831/754/652
f 833/755/653 845/767/665 844/765/663 832/753/651
f 834/756/654 846/768/666 845/767/665 833/755/653
f 835/757/655 847/769/667 846/768/666 834/756/654
f 836/758/656 848/770/668 847/769/667 835/757/655
f 837/759/657 849/771/669 848/770/668 836/758/656
f 838/760/658 850/772/670 849/771/669 837/759/657
f 839/761/659 851/773/671 850/772/670 838/760/658
f 840/762/660 852/774/672 851/773/671 839/761/659
f 841/763/661 853/775/673 852/774/672 840/762/660
f 842/764/662 854/776/674 853/775/673 841/763/661
f 844/765/663 856/777/675 855/778/676 843/766/664
f 845/767/665 857/779/677 856/777/675 844/765/663
f 846/768/666 858/780/678 857/779/677 845/767/665
f 847/769/667 859/781/679 858/780/678 846/768/666
f 848/770/668 860/782/680 859/781/679 847/769/667
f 849/771/669 861/783/681 860/782/680 848/770/668
f 850/772/670 862/784/682 861/783/681 849/771/669
f 851/773/671 863/785/683 862/784/682 850/772/670
f 852/774/672 864/786/684 863/785/683 851/773/671
f 853/775/673 865/787/685 864/786/684 852/774/672
f 854/776/674 866/788/686 865/787/685 853/775/673
f 856/777/675 868/789/687 867/790/688 855/778/676
f 857/779/677 869/791/689 868/789/687 856/777/675
f 858/780/678 870/792/690 869/791/689 857/779/677
f 859/781/679 871/793/691 870/792/690 858/780/678
f 860/782/680 872/794/692 871/793/691 859/781/679
f 861/783/681 873/795/693 872/794/692 860/782/680
f 862/784/682 874/796/694 873/795/693 861/783/681
f 863/785/683 875/797/695 874/796/694 862/784/682
f 864/786/684 876/798/696 875/797/695 863/785/683
f 865/787/685 877/799/697 876/798/696 864/786/684
f 866/788/686 878/800/698 877/799/697 865/787/685
f 868/789/687 880/801/699 879/802/700 867/790/688
f 869/791/689 881/803/701 880/801/699 868/789/687
f 870/792/690 882/804/702 881/803/701 869/791/689
f 871/793/691 883/805/703 882/804/702 870/792/690
f 872/794/692 884/806/704 883/805/703 871/793/691
f 873/795/693 885/807/705 884/806/704 872/794/692
f 874/796/694 886/808/706 885/807/705 873/795/693
f 875/797/695 887/809/707 886/808/706 874/796/694
f 876/798/696 888/810/708 887/809/707 875/797/695
f 877/799/697 889/811/709 888/810/708 876/798/696
f 878/800/698 890/812/710 889/811/709 877/799/697
f 880/801/699 892/813/711 891/814/712 879/802/700
f 881/803/701 893/815/713 892/813/711 880/801/699
f 882/804/702 894/816/714 893/815/713 881/803/701
f 883/805/703 895/817/715 894/816/714 882/804/702
f 884/806/704 896/818/716 895/817/715 883/805/703
f 885/807/705 897/819/717 896/818/716 884/806/704
f 886/808/706 898/820/718 897/819/717 885/807/705
f 887/809/707 899/821/719 898/820/718 886/808/706
f 888/810/708 900/822/720 899/821/719 887/809/707
f 889/811/709 901/823/721 900/822/720 888/810/708
f 890/812/710 902/824/722 901/823/721 889/811/709
f 892/813/711 904/825/723 903/826/724 891/814/712
f 893/815/713 905/827/725 904/825/723 892/813/711
f 894/816/714 906/828/726 905/827/725 893/815/713
f 895/817/715 907/829/727 906/828/726 894/816/714
f 896/818/716 908/830/728 907/829/727 895/817/715
f 897/819/717 909/831/729 908/830/728 896/818/716
f 898/820/718 910/832/730 909/831/729 897/819/717
f 899/821/719 911/833/731 910/832/730 898/820/718
f 900/822/720 912/834/732 911/833/731 899/821/719
f 901/823/721 913/835/733 912/834/732 900/822/720
f 902/824/722 914/836/734 913/835/733 901/823/721
f 904/825/723 916/837/735 915/838/736 903/826/724
f 905/827/725 917/839/737 916/837/735 904/825/723
f 906/828/726 918/840/738 917/839/737 905/827/725
f 907/829/727 919/841/739 918/840/738 906/828/726
f 908/830/728 920/842/740 919/841/739 907/829/727
f 909/831/729 921/843/741 920/842/740 908/830/728
f 910/832/730 922/844/742 921/843/741 909/831/729
f 911/833/731 923/845/743 922/844/742 910/832/730
f 912/834/732 924/846/744 923/845/743 911/833/731
f 913/835/733 925/847/745 924/846/744 912/834/732
f 914/836/734 926/848/746 925/847/745 913/835/733
f 916/837/735 928/849/747 927/850/748 915/838/736
f 917/839/737 929/851/749 928/849/747 916/837/735
f 918/840/738 930/852/750 929/851/749 917/839/737
f 919/841/739 931/853/751 930/852/750 918/840/738
f 920/842/740 932/854/752 931/853/751 919/841/739
f 921/843/741 933/855/753 932/854/752 920/842/740
f 922/844/742 934/856/754 933/855/753 921/843/741
f 923/845/743 935/857/755 934/856/754 922/844/742
f 924/846/744 936/858/756 935/857/755 923/845/743
f 925/847/745 937/859/757 936/858/756 924/846/744
f 926/848/746 938/860/758 937/859/757 925/847/745
f 928/849/747 940/861/759 939/862/760 927/850/748
f 929/851/749 941/863/761 940/861/759 928/849/747
f 930/852/750 942/864/762 941/863/761 929/851/749
f 931/853/751 943/865/763 942/864/762 930/852/750
f 932/854/752 944/866/764 943/865/763 931/853/751
f 933/855/753 945/867/765 944/866/764 932/854/752
f 934/856/754 946/868/766 945/867/765 933/855/753
f 935/857/755 947/869/767 946/868/766 934/856/754
f 936/858/756 948/870/768 947/869/767 935/857/755
f 937/859/757 949/871/769 948/870/768 936/858/756
f 938/860/758 950/872/770 949/871/769 937/859/757
f 940/861/759 952/873/771 951/874/772 939/862/760
f 941/863/761 953/875/773 952/873/771 940/861/759
f 942/864/762 954/876/774 953/875/773 941/863/761
f 943/865/763 955/877/775 954/876/774 942/864/762
f 944/866/764 956/878/776 955/877/775 943/865/763
f 945/867/765 957/879/777 956/878/776 944/866/764
f 946/868/766 958/880/778 957/879/777 945/867/765
f 947/869/767 959/881/779 958/880/778 946/868/766
f 948/870/768 960/882/780 959/881/779 947/869/767
f 949/871/769 961/883/781 960/882/780 948/870/768
f 950/872/770 962/884/782 961/883/781 949/871/769
f 952/873/771 964/885/783 963/886/784 951/874/772
f 953/875/773 965/887/785 964/885/783 952/873/771
f 954/876/774 966/888/786 965/887/785 953/875/773
f 955/877/775 967/889/787 966/888/786 954/876/774
f 956/878/776 968/890/788 967/889/787 955/877/775
f 957/879/777 969/891/789 968/890/788 956/878/776
f 958/880/778 970/892/790 969/891/789 957/879/777
f 959/881/779 971/893/791 970/892/790 958/880/778
f 960/882/780 972/894/792 971/893/791 959/881/779
f 961/883/781 973/895/793 972/894/792 960/882/780
f 962/884/782 974/896/794 973/895/793 961/883/781
f 964/885/783 976/897/795 975/898/796 963/886/784
f 965/887/785 977/899/797 976/897/795 964/885/783
f 966/888/786 978/900/798 977/899/797 965/887/785
f 967/889/787 979/901/799 978/900/798 966/888/786
f 968/890/788 980/902/800 979/901/799 967/889/787
f 969/891/789 981/903/801 980/902/800 968/890/788
f 970/892/790 982/904/802 981/903/801 969/891/789
f 971/893/791 983/905/803 982/904/802 970/892/790
f 972/894/792 984/906/804 983/905/803 971/893/791
f 973/895/793 985/907/805 984/906/804 972/894/792
f 974/896/794 986/908/806 985/907/805 973/895/793
f 976/897/795 988/909/807 987/910/808 975/898/796
f 977/899/797 989/911/809 988/909/807 976/897/795
f 978/900/798 990/912/810 989/911/809 977/899/797
f 979/901/799 991/913/811 990/912/810 978/900/798
f 980/902/800 992/914/812 991/913/811 979/901/799
f 981/903/801 993/915/813 992/914/812 980/902/800
f 982/904/802 994/916/814 993/915/813 981/903/801
f 983/905/803 995/917/815 994/916/814 982/904/802
f 984/906/804 996/918/816 995/917/815 983/905/803
f 985/907/805 997/919/817 996/918/816 984/906/804
f 986/908/806 998/920/818 997/919/817 985/907/805
f 988/909/807 1000/921/819 999/922/820 987/910/808
f 989/911/809 1001/923/821 1000/921/819 988/909/807
f 990/912/810 1002/924/822 1001/923/821 989/911/809
f 991/913/811 1003/925/823 1002/924/822 990/912/810
f 992/914/812 1004/926/824 1003/925/823 991/913/811
f 993/915/813 1005/927/825 1004/926/824 992/914/812
f 994/916/814 1006/928/826 1005/927/825 993/915/813
f 995/917/815 1007/929/827 1006/928/826 994/916/814
f 996/918/816 1008/930/828 1007/929/827 995/917/815
f 997/919/817 1009/931/829 1008/930/828 996/918/816
f 998/920/818 1010/932/830 1009/931/829 997/919/817
f 1000/921/819 1012/933/831 1011/934/832 999/922/820
f 1001/923/821 1013/935/833 1012/933/831 1000/921/819
f 1002/924/822 1014/936/834 1013/935/833 1001/923/821
f 1003/925/823 1015/937/835 1014/936/834 1002/924/822
f 1004/926/824 1016/938/836 1015/937/835 1003/925/823
f 1005/927/825 1017/939/837 1016/938/836 1004/926/824
f 1006/928/826 1018/940/838 1017/939/837 1005/927/825
f 1007/929/827 1019/941/839 1018/940/838 1006/928/826
f 1008/930/828 1020/942/840 1019/941/839 1007/929/827
f 1009/931/829 1021/943/841 1020/942/840 1008/930/828
f 1010/932/830 1022/944/842 1021/943/841 1009/931/829
f 1012/933/831 1024/945/843 1023/946/844 1011/934/832
f 1013/935/833 1025/947/845 1024/945/843 1012/933/831
f 1014/936/834 1026/948/846 1025/947/845 1013/935/833
f 1015/937/835 1027/949/847 1026/948/846 1014/936/834
f 1016/938/836 1028/950/848 1027/949/847 1015/937/835
f 1017/939/837 1029/951/849 1028/950/848 1016/938/836
f 1018/940/838 1030/952/850 1029/951/849 1017/939/837
f 1019/941/839 1031/953/851 1030/952/850 1018/940/838
f 1020/942/840 1032/954/852 1031/953/851 1019/941/839
f 1021/943/841 1033/955/853 1032/954/852 1020/942/840
f 1022/944/842 1034/956/854 1033/955/853 1021/943/841
f 1024/945/843 1036/957/855 1035/958/856 1023/946/844
f 1025/947/845 1037/959/857 1036/957/855 1024/945/843
f 1026/948/846 1038/960/858 1037/959/857 1025/947/845
f 1027/949/847 1039/961/859 1038/960/858 1026/948/846
f 1028/950/848 1040/962/860 1039/961/859 1027/949/847
f 1029/951/849 1041/963/861 1040/962/860 1028/950/848
f 1030/952/850 1042/964/862 1041/963/861 1029/951/849
f 1031/953/851 1043/965/863 1042/964/862 1030/952/850
f 1032/954/852 1044/966/864 1043/965/863 1031/953/851
f 1033/955/853 1045/967/865 1044/966/864 1032/954/852
f 1034/956/854 1046/968/866 1045/967/865 1033/955/853
f 1036/957/855 1048/969/867 1047/970/868 1035/958/856
f 1037/959/857 1049/971/869 1048/969/867 1036/957/855
f 1038/960/858 1050/972/870 1049/971/869 1037/959/857
f 1039/961/859 1051/973/871 1050/972/870 1038/960/858
f 1040/962/860 1052/974/872 1051/973/871 1039/961/859
f 1041/963/861 1053/975/873 1052/974/872 1040/962/860
f 1042/964/862 1054/976/874 1053/975/873 1041/963/861
f 1043/965/863 1055/977/875 1054/976/874 1042/964/862
f 1044/966/864 1056/978/876 1055/977/875 1043/965/863
f 1045/967/865 1057/979/877 1056/978/876 1044/966/864
f 1046/968/866 1058/980/878 1057/979/877 1045/967/865
f 1048/969/867 1060/981/879 1059/982/880 1047/970/868
f 1049/971/869 1061/983/881 1060/981/879 1048/969/867
f 1050/972/870 1062/984/882 1061/983/881 1049/971/869
f 1051/973/871 1063/985/883 1062/984/882 1050/972/870
f 1052/974/872 1064/986/884 1063/985/883 1051/973/871
f 1053/975/873 1065/987/885 1064/986/884 1052/974/872
f 1054/976/874 1066/988/886 1065/987/885 1053/975/873
f 1055/977/875 1067/989/887 1066/988/886 1054/976/874
f 1056/978/876 1068/990/888 1067/989/887 1055/977/875
f 1057/979/877 1069/991/889 1068/990/888 1056/978/876
f 1058/980/878 1070/992/890 1069/991/889 1057/979/877
f 1060/981/879 1072/993/891 1071/994/892 1059/982/880
f 1061/983/881 1073/995/893 1072/993/891 1060/981/879
f 1062/984/882 1074/996/894 1073/995/893 1061/983/881
f 1063/985/883 1075/997/895 1074/996/894 1062/984/882
f 1064/986/884 1076/998/896 1075/997/895 1063/985/883
f 1065/987/885 1077/999/897 1076/998/896 1064/986/884
f 1066/988/886 1078/1000/898 1077/999/897 1065/987/885
f 1067/989/887 1079/1001/899 1078/1000/898 1066/988/886
f 1068/990/888 1080/1002/900 1079/1001/899 1067/989/887
f 1069/991/889 1081/1003/901 1080/1002/900 1068/990/888
f 1070/992/890 1082/1004/902 1081/1003/901 1069/991/889
f 1072/993/891 1084/1005/903 1083/1006/904 1071/994/892
f 1073/995/893 1085/1007/905 1084/1005/903 1072/993/891
f 1074/996/894 1086/1008/906 1085/1007/905 1073/995/893
f 1075/997/895 1087/1009/907 1086/1008/906 1074/996/894
f 1076/998/896 1088/1010/908 1087/1009/907 1075/997/895
f 1077/999/897 1089/1011/909 1088/1010/908 1076/998/896
f 1078/1000/898 1090/1012/910 1089/1011/909 1077/999/897
f 1079/1001/899 1091/1013/911 1090/1012/910 1078/1000/898
f 1080/1002/900 1092/1014/912 1091/1013/911 1079/1001/899
f 1081/1003/901 1093/1015/913 1092/1014/912 1080/1002/900
f 1082/1004/902 1094/1016/914 1093/1015/913 1081/1003/901
f 1084/1005/903 1096/1017/915 1095/1018/916 1083/1006/904
f 1085/1007/905 1097/1019/917 1096/1017/915 1084/1005/903
f 1086/1008/906 1098/1020/918 1097/1019/917 1085/1007/905
f 1087/1009/907 1099/1021/919 1098/1020/918 1086/1008/906
f 1088/1010/908 1100/1022/920 1099/1021/919 1087/1009/907
f 1089/1011/909 1101/1023/921 1100/1022/920 1088/1010/908
f 1090/1012/910 1102/1024/922 1101/1023/921 1089/1011/909
f 1091/1013/911 1103/1025/923 1102/1024/922 1090/1012/910
f 1092/1014/912 1104/1026/924 1103/1025/923 1091/1013/911
f 1093/1015/913 1105/1027/925 1104/1026/924 1092/1014/912
f 1094/1016/914 1106/1028/926 1105/1027/925 1093/1015/913
f 1096/1017/915 1108/1029/927 1107/1030/928 1095/1018/916
f 1097/1019/917 1109/1031/929 1108/1029/927 1096/1017/915
f 1098/1020/918 1110/1032/930 1109/1031/929 1097/1019/917
f 1099/1021/919 1111/1033/931 1110/1032/930 1098/1020/918
f 1100/1022/920 1112/1034/932 1111/1033/931 1099/1021/919
f 1101/1023/921 1113/1035/933 1112/1034/932 1100/1022/920
f 1102/1024/922 1114/1036/934 1113/1035/933 1101/1023/921
f 1103/1025/923 1115/1037/935 1114/1036/934 1102/1024/922
f 1104/1026/924 1116/1038/936 1115/1037/935 1103/1025/923
f 1105/1027/925 1117/1039/937 1116/1038/936 1104/1026/924
f 1106/1028/926 1118/1040/938 1117/1039/937 1105/1027/925
f 1108/1029/927 1120/1041/939 1119/1042/940 1107/1030/928
f 1109/1031/929 1121/1043/941 1120/1041/939 1108/1029/927
f 1110/1032/930 1122/1044/942 1121/1043/941 1109/1031/929
f 1111/1033/931 1123/1045/943 1122/1044/942 1110/1032/930
f 1112/1034/932 1124/1046/944 1123/1045/943 1111/1033/931
f 1113/1035/933 1125/1047/945 1124/1046/944 1112/1034/932
f 1114/1036/934 1126/1048/946 1125/1047/945 1113/1035/933
f 1115/1037/935 1127/1049/947 1126/1048/946 1114/1036/934
f 1116/1038/936 1128/1050/948 1127/1049/947 1115/1037/935
f 1117/1039/937 1129/1051/949 1128/1050/948 1116/1038/936
f 1118/1040/938 1130/1052/950 1129/1051/949 1117/1039/937
f 1120/1041/939 1132/1053/951 1131/1054/952 1119/1042/940
f 1121/1043/941 1133/1055/953 1132/1053/951 1120/1041/939
f 1122/1044/942 1134/1056/954 1133/1055/953 1121/1043/941
f 1123/1045/943 1135/1057/955 1134/1056/954 1122/1044/942
f 1124/1046/944 1136/1058/956 1135/1057/955 1123/1045/943
f 1125/1047/945 1137/1059/957 1136/1058/956 1124/1046/944
f 1126/1048/946 1138/1060/958 1137/1059/957 1125/1047/945
f 1127/1049/947 1139/1061/959 1138/1060/958 1126/1048/946
f 1128/1050/948 1140/1062/960 1139/1061/959 1127/1049/947
f 1129/1051/949 1141/1063/961 1140/1062/960 1128/1050/948
f 1130/1052/950 1142/1064/962 1141/1063/961 1129/1051/949
f 1132/1053/951 1144/1065/963 1143/1066/964 1131/1054/952
f 1133/1055/953 1145/1067/965 1144/1065/963 1132/1053/951
f 1134/1056/954 1146/1068/966 1145/1067/965 1133/1055/953
f 1135/1057/955 1147/1069/967 1146/1068/966 1134/1056/954
f 1136/1058/956 1148/1070/968 1147/1069/967 1135/1057/955
f 1137/1059/957 1149/1071/969 1148/1070/968 1136/1058/956
f 1138/1060/958 1150/1072/970 1149/1071/969 1137/1059/957
f 1139/1061/959 1151/1073/971 1150/1072/970 1138/1060/958
f 1140/1062/960 1152/1074/972 1151/1073/971 1139/1061/959
f 1141/1063/961 1153/1075/973 1152/1074/972 1140/1062/960
f 1142/1064/962 1154/1076/974 1153/1075/973 1141/1063/961
f 1144/1065/963 1156/1077/975 1155/1078/976 1143/1066/964
f 1145/1067/965 1157/1079/977 1156/1077/975 1144/1065/963
f 1146/1068/966 1158/1080/978 1157/1079/977 1145/1067/965
f 1147/1069/967 1159/1081/979 1158/1080/978 1146/1068/966
f 1148/1070/968 1160/1082/980 1159/1081/979 1147/1069/967
f 1149/1071/969 1161/1083/981 1160/1082/980 1148/1070/968
f 1150/1072/970 1162/1084/982 1161/1083/981 1149/1071/969
f 1151/1073/971 1163/1085/983 1162/1084/982 1150/1072/970
f 1152/1074/972 1164/1086/984 1163/1085/983 1151/1073/971
f 1153/1075/973 1165/1087/985 1164/1086/984 1152/1074/972
f 1154/1076/974 1166/1088/986 1165/1087/985 1153/1075/973
f 1156/1077/975 1168/1089/987 1167/1090/988 1155/1078/976
f 1157/1079/977 1169/1091/989 1168/1089/987 1156/1077/975
f 1158/1080/978 1170/1092/990 1169/1091/989 1157/1079/977
f 1159/1081/979 1171/1093/991 1170/1092/990 1158/1080/978
f 1160/1082/980 1172/1094/992 1171/1093/991 1159/1081/979
f 1161/1083/981 1173/1095/993 1172/1094/992 1160/1082/980
f 1162/1084/982 1174/1096/994 1173/1095/993 1161/1083/981
f 1163/1085/983 1175/1097/995 1174/1096/994 1162/1084/982
f 1164/1086/984 1176/1098/996 1175/1097/995 1163/1085/983
f 1165/1087/985 1177/1099/997 1176/1098/996 1164/1086/984
f 1166/1088/986 1178/1100/998 1177/1099/997 1165/1087/985
f 1168/1089/987 1180/1101/999 1179/1102/1000 1167/1090/988
f 1169/1091/989 1181/1103/1001 1180/1101/999 1168/1089/987
f 1170/1092/990 1182/1104/1002 1181/1103/1001 1169/1091/989
f 1171/1093/991 1183/1105/1003 1182/1104/1002 1170/1092/990
f 1172/1094/992 1184/1106/1004 1183/1105/1003 1171/1093/991
f 1173/1095/993 1185/1107/1005 1184/1106/1004 1172/1094/992
f 1174/1096/994 1186/1108/1006 1185/1107/1005 1173/1095/993
f 1175/1097/995 1187/1109/1007 1186/1108/1006 1174/1096/994
f 1176/1098/996 1188/1110/1008 1187/1109/1007 1175/1097/995
f 1177/1099/997 1189/1111/1009 1188/1110/1008 1176/1098/996
f 1178/1100/998 1190/1112/1010 1189/1111/1009 1177/1099/997
f 1180/1101/999 1192/1113/1011 1191/1114/1012 1179/1102/1000
f 1181/1103/1001 1193/1115/1013 1192/1113/1011 1180/1101/999
f 1182/1104/1002 1194/1116/1014 1193/1115/1013 1181/1103/1001
f 1183/1105/1003 1195/1117/1015 1194/1116/1014 1182/1104/1002
f 1184/1106/1004 1196/1118/1016 1195/1117/1015 1183/1105/1003
f 1185/1107/1005 1197/1119/1017 1196/1118/1016 1184/1106/1004
f 1186/1108/1006 1198/1120/1018 1197/1119/1017 1185/1107/1005
f 1187/1109/1007 1199/1121/1019 1198/1120/1018 1186/1108/1006
f 1188/1110/1008 1200/1122/1020 1199/1121/1019 1187/1109/1007
f 1189/1111/1009 1201/1123/1021 1200/1122/1020 1188/1110/1008
f 1190/1112/1010 1202/1124/1022 1201/1123/1021 1189/1111/1009
f 1192/1113/1011 1204/1125/1023 1203/1126/1024 1191/1114/1012
f 1193/1115/1013 1205/1127/1025 1204/1125/1023 1192/1113/1011
f 1194/1116/1014 1206/1128/1026 1205/1127/1025 1193/1115/1013
f 1195/1117/1015 1207/1129/1027 1206/1128/1026 1194/1116/1014
f 1196/1118/1016 1208/1130/1028 1207/1129/1027 1195/1117/1015
f 1197/1119/1017 1209/1131/1029 1208/1130/1028 1196/1118/1016
f 1198/1120/1018 1210/1132/1030 1209/1131/1029 1197/1119/1017
f 1199/1121/1019 1211/1133/1031 1210/1132/1030 1198/1120/1018
f 1200/1122/1020 1212/1134/1032 1211/1133/1031 1199/1121/1019
f 1201/1123/1021 1213/1135/1033 1212/1134/1032 1200/1122/1020
f 1202/1124/1022 1214/1136/1034 1213/1135/1033 1201/1123/1021
f 1204/1125/1023 1216/1137/1035 1215/1138/1036 1203/1126/1024
f 1205/1127/1025 1217/1139/1037 1216/1137/1035 1204/1125/1023
f 1206/1128/1026 1218/1140/1038 1217/1139/1037 1205/1127/1025
f 1207/1129/1027 1219/1141/1039 1218/1140/1038 1206/1128/1026
f 1208/1130/1028 1220/1142/1040 1219/1141/1039 1207/1129/1027
f 1209/1131/1029 1221/1143/1041 1220/1142/1040 1208/1130/1028
f 1210/1132/1030 1222/1144/1042 1221/1143/1041 1209/1131/1029
f 1211/1133/1031 1223/1145/1043 1222/1144/1042 1210/1132/1030
f 1212/1134/1032 1224/1146/1044 1223/1145/1043 1211/1133/1031
f 1213/1135/1033 1225/1147/1045 1224/1146/1044 1212/1134/1032
f 1214/1136/1034 1226/1148/1046 1225/1147/1045 1213/1135/1033
f 1216/1137/1035 1228/1149/1047 1227/1150/1048 1215/1138/1036
f 1217/1139/1037 1229/1151/1049 1228/1149/1047 1216/1137/1035
f 1218/1140/1038 1230/1152/1050 1229/1151/1049 1217/1139/1037
f 1219/1141/1039 1231/1153/1051 1230/1152/1050 1218/1140/1038
f 1220/1142/1040 1232/1154/1052 1231/1153/1051 1219/1141/1039
f 1221/1143/1041 1233/1155/1053 1232/1154/1052 1220/1142/1040
f 1222/1144/1042 1234/1156/1054 1233/1155/1053 1221/1143/1041
f 1223/1145/1043 1235/1157/1055 1234/1156/1054 1222/1144/1042
f 1224/1146/1044 1236/1158/1056 1235/1157/1055 1223/1145/1043
f 1225/1147/1045 1237/1159/1057 1236/1158/1056 1224/1146/1044
f 1226/1148/1046 1238/1160/1058 1237/1159/1057 1225/1147/1045
f 1228/1149/1047 1240/1161/1059 1239/1162/1060 1227/1150/1048
f 1229/1151/1049 1241/1163/1061 1240/1161/1059 1228/1149/1047
f 1230/1152/1050 1242/1164/1062 1241/1163/1061 1229/1151/1049
f 1231/1153/1051 1243/1165/1063 1242/1164/1062 1230/1152/1050
f 1232/1154/1052 1244/1166/1064 1243/1165/1063 1231/1153/1051
f 1233/1155/1053 1245/1167/1065 1244/1166/1064 1232/1154/1052
f 1234/1156/1054 1246/1168/1066 1245/1167/1065 1233/1155/1053
f 1235/1157/1055 1247/1169/1067 1246/1168/1066 1234/1156/1054
f 1236/1158/1056 1248/1170/1068 1247/1169/1067 1235/1157/1055
f 1237/1159/1057 1249/1171/1069 1248/1170/1068 1236/1158/1056
f 1238/1160/1058 1250/1172/1070 1249/1171/1069 1237/1159/1057
f 1240/1161/1059 1252/1173/1071 1251/1174/1072 1239/1162/1060
f 1241/1163/1061 1253/1175/1073 1252/1173/1071 1240/1161/1059
f 1242/1164/1062 1254/1176/1074 1253/1175/1073 1241/1163/1061
f 1243/1165/1063 1255/1177/1075 1254/1176/1074 1242/1164/1062
f 1244/1166/1064 1256/1178/1076 1255/1177/1075 1243/1165/1063
f 1245/1167/1065 1257/1179/1077 1256/1178/1076 1244/1166/1064
f 1246/1168/1066 1258/1180/1078 1257/1179/1077 1245/1167/1065
f 1247/1169/1067 1259/1181/1079 1258/1180/1078 1246/1168/1066
f 1248/1170/1068 1260/1182/1080 1259/1181/1079 1247/1169/1067
f 1249/1171/1069 1261/1183/1081 1260/1182/1080 1248/1170/1068
f 1250/1172/1070 1262/1184/1082 1261/1183/1081 1249/1171/1069
f 1252/1173/1071 196/1185/15 195/110/18 1251/1174/1072
f 1253/1175/1073 197/1186/19 196/1185/15 1252/1173/1071
f 1254/1176/1074 198/1187/21 197/1186/19 1253/1175/1073
f 1255/1177/1075 199/1188/23 198/1187/21 1254/1176/1074
f 1256/1178/1076 200/1189/25 199/1188/23 1255/1177/1075
f 1257/1179/1077 201/1190/27 200/1189/25 1256/1178/1076
f 1258/1180/1078 202/1191/29 201/1190/27 1257/1179/1077
f 1259/1181/1079 203/1192/31 202/1191/29 1258/1180/1078
f 1260/1182/1080 204/1193/33 203/1192/31 1259/1181/1079
f 1261/1183/1081 205/1194/35 204/1193/33 1260/1182/1080
f 1262/1184/1082 206/1195/37 205/1194/35 1261/1183/1081
o Ground
v -2.000000 0.000000 2.000000
v 2.000000 0.000000 2.000000
v -2.000000 0.000000 -2.000000
v 2.000000 0.000000 -2.000000
vn -0.0000 1.0000 -0.0000
vt 0.000000 0.000000
vt 1.000000 0.000000
vt 1.000000 1.000000
vt 0.000000 1.000000
s 0
usemtl Mat_Ground
f 1263/1196/1083 1264/1197/1083 1266/1198/1083 1265/1199/1083
